"";"Sepal.Length";"Sepal.Width";"Petal.Length";"Petal.Width";"Species"
"1";5,1;3,5;1,4;0,2;"setosa"
"2";4,9;3;1,4;0,2;"setosa"
"3";4,7;3,2;1,3;0,2;"setosa"
"4";4,6;3,1;1,5;0,2;"setosa"
"5";5;3,6;1,4;0,2;"setosa"
"6";5,4;3,9;1,7;0,4;"setosa"
"7";4,6;3,4;1,4;0,3;"setosa"
"8";5;3,4;1,5;0,2;"setosa"
"9";4,4;2,9;1,4;0,2;"setosa"
"10";4,9;3,1;1,5;0,1;"setosa"
"11";5,4;3,7;1,5;0,2;"setosa"
"12";4,8;3,4;1,6;0,2;"setosa"
"13";4,8;3;1,4;0,1;"setosa"
"14";4,3;3;1,1;0,1;"setosa"
"15";5,8;4;1,2;0,2;"setosa"
"16";5,7;4,4;1,5;0,4;"setosa"
"17";5,4;3,9;1,3;0,4;"setosa"
"18";5,1;3,5;1,4;0,3;"setosa"
"19";5,7;3,8;1,7;0,3;"setosa"
"20";5,1;3,8;1,5;0,3;"setosa"
"21";5,4;3,4;1,7;0,2;"setosa"
"22";5,1;3,7;1,5;0,4;"setosa"
"23";4,6;3,6;1;0,2;"setosa"
"24";5,1;3,3;1,7;0,5;"setosa"
"25";4,8;3,4;1,9;0,2;"setosa"
"26";5;3;1,6;0,2;"setosa"
"27";5;3,4;1,6;0,4;"setosa"
"28";5,2;3,5;1,5;0,2;"setosa"
"29";5,2;3,4;1,4;0,2;"setosa"
"30";4,7;3,2;1,6;0,2;"setosa"
"31";4,8;3,1;1,6;0,2;"setosa"
"32";5,4;3,4;1,5;0,4;"setosa"
"33";5,2;4,1;1,5;0,1;"setosa"
"34";5,5;4,2;1,4;0,2;"setosa"
"35";4,9;3,1;1,5;0,2;"setosa"
"36";5;3,2;1,2;0,2;"setosa"
"37";5,5;3,5;1,3;0,2;"setosa"
"38";4,9;3,6;1,4;0,1;"setosa"
"39";4,4;3;1,3;0,2;"setosa"
"40";5,1;3,4;1,5;0,2;"setosa"
"41";5;3,5;1,3;0,3;"setosa"
"42";4,5;2,3;1,3;0,3;"setosa"
"43";4,4;3,2;1,3;0,2;"setosa"
"44";5;3,5;1,6;0,6;"setosa"
"45";5,1;3,8;1,9;0,4;"setosa"
"46";4,8;3;1,4;0,3;"setosa"
"47";5,1;3,8;1,6;0,2;"setosa"
"48";4,6;3,2;1,4;0,2;"setosa"
"49";5,3;3,7;1,5;0,2;"setosa"
"50";5;3,3;1,4;0,2;"setosa"
"51";7;3,2;4,7;1,4;"versicolor"
"52";6,4;3,2;4,5;1,5;"versicolor"
"53";6,9;3,1;4,9;1,5;"versicolor"
"54";5,5;2,3;4;1,3;"versicolor"
"55";6,5;2,8;4,6;1,5;"versicolor"
"56";5,7;2,8;4,5;1,3;"versicolor"
"57";6,3;3,3;4,7;1,6;"versicolor"
"58";4,9;2,4;3,3;1;"versicolor"
"59";6,6;2,9;4,6;1,3;"versicolor"
"60";5,2;2,7;3,9;1,4;"versicolor"
"61";5;2;3,5;1;"versicolor"
"62";5,9;3;4,2;1,5;"versicolor"
"63";6;2,2;4;1;"versicolor"
"64";6,1;2,9;4,7;1,4;"versicolor"
"65";5,6;2,9;3,6;1,3;"versicolor"
"66";6,7;3,1;4,4;1,4;"versicolor"
"67";5,6;3;4,5;1,5;"versicolor"
"68";5,8;2,7;4,1;1;"versicolor"
"69";6,2;2,2;4,5;1,5;"versicolor"
"70";5,6;2,5;3,9;1,1;"versicolor"
"71";5,9;3,2;4,8;1,8;"versicolor"
"72";6,1;2,8;4;1,3;"versicolor"
"73";6,3;2,5;4,9;1,5;"versicolor"
"74";6,1;2,8;4,7;1,2;"versicolor"
"75";6,4;2,9;4,3;1,3;"versicolor"
"76";6,6;3;4,4;1,4;"versicolor"
"77";6,8;2,8;4,8;1,4;"versicolor"
"78";6,7;3;5;1,7;"versicolor"
"79";6;2,9;4,5;1,5;"versicolor"
"80";5,7;2,6;3,5;1;"versicolor"
"81";5,5;2,4;3,8;1,1;"versicolor"
"82";5,5;2,4;3,7;1;"versicolor"
"83";5,8;2,7;3,9;1,2;"versicolor"
"84";6;2,7;5,1;1,6;"versicolor"
"85";5,4;3;4,5;1,5;"versicolor"
"86";6;3,4;4,5;1,6;"versicolor"
"87";6,7;3,1;4,7;1,5;"versicolor"
"88";6,3;2,3;4,4;1,3;"versicolor"
"89";5,6;3;4,1;1,3;"versicolor"
"90";5,5;2,5;4;1,3;"versicolor"
"91";5,5;2,6;4,4;1,2;"versicolor"
"92";6,1;3;4,6;1,4;"versicolor"
"93";5,8;2,6;4;1,2;"versicolor"
"94";5;2,3;3,3;1;"versicolor"
"95";5,6;2,7;4,2;1,3;"versicolor"
"96";5,7;3;4,2;1,2;"versicolor"
"97";5,7;2,9;4,2;1,3;"versicolor"
"98";6,2;2,9;4,3;1,3;"versicolor"
"99";5,1;2,5;3;1,1;"versicolor"
"100";5,7;2,8;4,1;1,3;"versicolor"
"101";6,3;3,3;6;2,5;"virginica"
"102";5,8;2,7;5,1;1,9;"virginica"
"103";7,1;3;5,9;2,1;"virginica"
"104";6,3;2,9;5,6;1,8;"virginica"
"105";6,5;3;5,8;2,2;"virginica"
"106";7,6;3;6,6;2,1;"virginica"
"107";4,9;2,5;4,5;1,7;"virginica"
"108";7,3;2,9;6,3;1,8;"virginica"
"109";6,7;2,5;5,8;1,8;"virginica"
"110";7,2;3,6;6,1;2,5;"virginica"
"111";6,5;3,2;5,1;2;"virginica"
"112";6,4;2,7;5,3;1,9;"virginica"
"113";6,8;3;5,5;2,1;"virginica"
"114";5,7;2,5;5;2;"virginica"
"115";5,8;2,8;5,1;2,4;"virginica"
"116";6,4;3,2;5,3;2,3;"virginica"
"117";6,5;3;5,5;1,8;"virginica"
"118";7,7;3,8;6,7;2,2;"virginica"
"119";7,7;2,6;6,9;2,3;"virginica"
"120";6;2,2;5;1,5;"virginica"
"121";6,9;3,2;5,7;2,3;"virginica"
"122";5,6;2,8;4,9;2;"virginica"
"123";7,7;2,8;6,7;2;"virginica"
"124";6,3;2,7;4,9;1,8;"virginica"
"125";6,7;3,3;5,7;2,1;"virginica"
"126";7,2;3,2;6;1,8;"virginica"
"127";6,2;2,8;4,8;1,8;"virginica"
"128";6,1;3;4,9;1,8;"virginica"
"129";6,4;2,8;5,6;2,1;"virginica"
"130";7,2;3;5,8;1,6;"virginica"
"131";7,4;2,8;6,1;1,9;"virginica"
"132";7,9;3,8;6,4;2;"virginica"
"133";6,4;2,8;5,6;2,2;"virginica"
"134";6,3;2,8;5,1;1,5;"virginica"
"135";6,1;2,6;5,6;1,4;"virginica"
"136";7,7;3;6,1;2,3;"virginica"
"137";6,3;3,4;5,6;2,4;"virginica"
"138";6,4;3,1;5,5;1,8;"virginica"
"139";6;3;4,8;1,8;"virginica"
"140";6,9;3,1;5,4;2,1;"virginica"
"141";6,7;3,1;5,6;2,4;"virginica"
"142";6,9;3,1;5,1;2,3;"virginica"
"143";5,8;2,7;5,1;1,9;"virginica"
"144";6,8;3,2;5,9;2,3;"virginica"
"145";6,7;3,3;5,7;2,5;"virginica"
"146";6,7;3;5,2;2,3;"virginica"
"147";6,3;2,5;5;1,9;"virginica"
"148";6,5;3;5,2;2;"virginica"
"149";6,2;3,4;5,4;2,3;"virginica"
"150";5,9;3;5,1;1,8;"virginica"
"151";5,1;3,5;1,4;0,2;"setosa"
"152";4,9;3;1,4;0,2;"setosa"
"153";4,7;3,2;1,3;0,2;"setosa"
"154";4,6;3,1;1,5;0,2;"setosa"
"155";5;3,6;1,4;0,2;"setosa"
"156";5,4;3,9;1,7;0,4;"setosa"
"157";4,6;3,4;1,4;0,3;"setosa"
"158";5;3,4;1,5;0,2;"setosa"
"159";4,4;2,9;1,4;0,2;"setosa"
"160";4,9;3,1;1,5;0,1;"setosa"
"161";5,4;3,7;1,5;0,2;"setosa"
"162";4,8;3,4;1,6;0,2;"setosa"
"163";4,8;3;1,4;0,1;"setosa"
"164";4,3;3;1,1;0,1;"setosa"
"165";5,8;4;1,2;0,2;"setosa"
"166";5,7;4,4;1,5;0,4;"setosa"
"167";5,4;3,9;1,3;0,4;"setosa"
"168";5,1;3,5;1,4;0,3;"setosa"
"169";5,7;3,8;1,7;0,3;"setosa"
"170";5,1;3,8;1,5;0,3;"setosa"
"171";5,4;3,4;1,7;0,2;"setosa"
"172";5,1;3,7;1,5;0,4;"setosa"
"173";4,6;3,6;1;0,2;"setosa"
"174";5,1;3,3;1,7;0,5;"setosa"
"175";4,8;3,4;1,9;0,2;"setosa"
"176";5;3;1,6;0,2;"setosa"
"177";5;3,4;1,6;0,4;"setosa"
"178";5,2;3,5;1,5;0,2;"setosa"
"179";5,2;3,4;1,4;0,2;"setosa"
"180";4,7;3,2;1,6;0,2;"setosa"
"181";4,8;3,1;1,6;0,2;"setosa"
"182";5,4;3,4;1,5;0,4;"setosa"
"183";5,2;4,1;1,5;0,1;"setosa"
"184";5,5;4,2;1,4;0,2;"setosa"
"185";4,9;3,1;1,5;0,2;"setosa"
"186";5;3,2;1,2;0,2;"setosa"
"187";5,5;3,5;1,3;0,2;"setosa"
"188";4,9;3,6;1,4;0,1;"setosa"
"189";4,4;3;1,3;0,2;"setosa"
"190";5,1;3,4;1,5;0,2;"setosa"
"191";5;3,5;1,3;0,3;"setosa"
"192";4,5;2,3;1,3;0,3;"setosa"
"193";4,4;3,2;1,3;0,2;"setosa"
"194";5;3,5;1,6;0,6;"setosa"
"195";5,1;3,8;1,9;0,4;"setosa"
"196";4,8;3;1,4;0,3;"setosa"
"197";5,1;3,8;1,6;0,2;"setosa"
"198";4,6;3,2;1,4;0,2;"setosa"
"199";5,3;3,7;1,5;0,2;"setosa"
"200";5;3,3;1,4;0,2;"setosa"
"201";7;3,2;4,7;1,4;"versicolor"
"202";6,4;3,2;4,5;1,5;"versicolor"
"203";6,9;3,1;4,9;1,5;"versicolor"
"204";5,5;2,3;4;1,3;"versicolor"
"205";6,5;2,8;4,6;1,5;"versicolor"
"206";5,7;2,8;4,5;1,3;"versicolor"
"207";6,3;3,3;4,7;1,6;"versicolor"
"208";4,9;2,4;3,3;1;"versicolor"
"209";6,6;2,9;4,6;1,3;"versicolor"
"210";5,2;2,7;3,9;1,4;"versicolor"
"211";5;2;3,5;1;"versicolor"
"212";5,9;3;4,2;1,5;"versicolor"
"213";6;2,2;4;1;"versicolor"
"214";6,1;2,9;4,7;1,4;"versicolor"
"215";5,6;2,9;3,6;1,3;"versicolor"
"216";6,7;3,1;4,4;1,4;"versicolor"
"217";5,6;3;4,5;1,5;"versicolor"
"218";5,8;2,7;4,1;1;"versicolor"
"219";6,2;2,2;4,5;1,5;"versicolor"
"220";5,6;2,5;3,9;1,1;"versicolor"
"221";5,9;3,2;4,8;1,8;"versicolor"
"222";6,1;2,8;4;1,3;"versicolor"
"223";6,3;2,5;4,9;1,5;"versicolor"
"224";6,1;2,8;4,7;1,2;"versicolor"
"225";6,4;2,9;4,3;1,3;"versicolor"
"226";6,6;3;4,4;1,4;"versicolor"
"227";6,8;2,8;4,8;1,4;"versicolor"
"228";6,7;3;5;1,7;"versicolor"
"229";6;2,9;4,5;1,5;"versicolor"
"230";5,7;2,6;3,5;1;"versicolor"
"231";5,5;2,4;3,8;1,1;"versicolor"
"232";5,5;2,4;3,7;1;"versicolor"
"233";5,8;2,7;3,9;1,2;"versicolor"
"234";6;2,7;5,1;1,6;"versicolor"
"235";5,4;3;4,5;1,5;"versicolor"
"236";6;3,4;4,5;1,6;"versicolor"
"237";6,7;3,1;4,7;1,5;"versicolor"
"238";6,3;2,3;4,4;1,3;"versicolor"
"239";5,6;3;4,1;1,3;"versicolor"
"240";5,5;2,5;4;1,3;"versicolor"
"241";5,5;2,6;4,4;1,2;"versicolor"
"242";6,1;3;4,6;1,4;"versicolor"
"243";5,8;2,6;4;1,2;"versicolor"
"244";5;2,3;3,3;1;"versicolor"
"245";5,6;2,7;4,2;1,3;"versicolor"
"246";5,7;3;4,2;1,2;"versicolor"
"247";5,7;2,9;4,2;1,3;"versicolor"
"248";6,2;2,9;4,3;1,3;"versicolor"
"249";5,1;2,5;3;1,1;"versicolor"
"250";5,7;2,8;4,1;1,3;"versicolor"
"251";6,3;3,3;6;2,5;"virginica"
"252";5,8;2,7;5,1;1,9;"virginica"
"253";7,1;3;5,9;2,1;"virginica"
"254";6,3;2,9;5,6;1,8;"virginica"
"255";6,5;3;5,8;2,2;"virginica"
"256";7,6;3;6,6;2,1;"virginica"
"257";4,9;2,5;4,5;1,7;"virginica"
"258";7,3;2,9;6,3;1,8;"virginica"
"259";6,7;2,5;5,8;1,8;"virginica"
"260";7,2;3,6;6,1;2,5;"virginica"
"261";6,5;3,2;5,1;2;"virginica"
"262";6,4;2,7;5,3;1,9;"virginica"
"263";6,8;3;5,5;2,1;"virginica"
"264";5,7;2,5;5;2;"virginica"
"265";5,8;2,8;5,1;2,4;"virginica"
"266";6,4;3,2;5,3;2,3;"virginica"
"267";6,5;3;5,5;1,8;"virginica"
"268";7,7;3,8;6,7;2,2;"virginica"
"269";7,7;2,6;6,9;2,3;"virginica"
"270";6;2,2;5;1,5;"virginica"
"271";6,9;3,2;5,7;2,3;"virginica"
"272";5,6;2,8;4,9;2;"virginica"
"273";7,7;2,8;6,7;2;"virginica"
"274";6,3;2,7;4,9;1,8;"virginica"
"275";6,7;3,3;5,7;2,1;"virginica"
"276";7,2;3,2;6;1,8;"virginica"
"277";6,2;2,8;4,8;1,8;"virginica"
"278";6,1;3;4,9;1,8;"virginica"
"279";6,4;2,8;5,6;2,1;"virginica"
"280";7,2;3;5,8;1,6;"virginica"
"281";7,4;2,8;6,1;1,9;"virginica"
"282";7,9;3,8;6,4;2;"virginica"
"283";6,4;2,8;5,6;2,2;"virginica"
"284";6,3;2,8;5,1;1,5;"virginica"
"285";6,1;2,6;5,6;1,4;"virginica"
"286";7,7;3;6,1;2,3;"virginica"
"287";6,3;3,4;5,6;2,4;"virginica"
"288";6,4;3,1;5,5;1,8;"virginica"
"289";6;3;4,8;1,8;"virginica"
"290";6,9;3,1;5,4;2,1;"virginica"
"291";6,7;3,1;5,6;2,4;"virginica"
"292";6,9;3,1;5,1;2,3;"virginica"
"293";5,8;2,7;5,1;1,9;"virginica"
"294";6,8;3,2;5,9;2,3;"virginica"
"295";6,7;3,3;5,7;2,5;"virginica"
"296";6,7;3;5,2;2,3;"virginica"
"297";6,3;2,5;5;1,9;"virginica"
"298";6,5;3;5,2;2;"virginica"
"299";6,2;3,4;5,4;2,3;"virginica"
"300";5,9;3;5,1;1,8;"virginica"
"301";5,1;3,5;1,4;0,2;"setosa"
"302";4,9;3;1,4;0,2;"setosa"
"303";4,7;3,2;1,3;0,2;"setosa"
"304";4,6;3,1;1,5;0,2;"setosa"
"305";5;3,6;1,4;0,2;"setosa"
"306";5,4;3,9;1,7;0,4;"setosa"
"307";4,6;3,4;1,4;0,3;"setosa"
"308";5;3,4;1,5;0,2;"setosa"
"309";4,4;2,9;1,4;0,2;"setosa"
"310";4,9;3,1;1,5;0,1;"setosa"
"311";5,4;3,7;1,5;0,2;"setosa"
"312";4,8;3,4;1,6;0,2;"setosa"
"313";4,8;3;1,4;0,1;"setosa"
"314";4,3;3;1,1;0,1;"setosa"
"315";5,8;4;1,2;0,2;"setosa"
"316";5,7;4,4;1,5;0,4;"setosa"
"317";5,4;3,9;1,3;0,4;"setosa"
"318";5,1;3,5;1,4;0,3;"setosa"
"319";5,7;3,8;1,7;0,3;"setosa"
"320";5,1;3,8;1,5;0,3;"setosa"
"321";5,4;3,4;1,7;0,2;"setosa"
"322";5,1;3,7;1,5;0,4;"setosa"
"323";4,6;3,6;1;0,2;"setosa"
"324";5,1;3,3;1,7;0,5;"setosa"
"325";4,8;3,4;1,9;0,2;"setosa"
"326";5;3;1,6;0,2;"setosa"
"327";5;3,4;1,6;0,4;"setosa"
"328";5,2;3,5;1,5;0,2;"setosa"
"329";5,2;3,4;1,4;0,2;"setosa"
"330";4,7;3,2;1,6;0,2;"setosa"
"331";4,8;3,1;1,6;0,2;"setosa"
"332";5,4;3,4;1,5;0,4;"setosa"
"333";5,2;4,1;1,5;0,1;"setosa"
"334";5,5;4,2;1,4;0,2;"setosa"
"335";4,9;3,1;1,5;0,2;"setosa"
"336";5;3,2;1,2;0,2;"setosa"
"337";5,5;3,5;1,3;0,2;"setosa"
"338";4,9;3,6;1,4;0,1;"setosa"
"339";4,4;3;1,3;0,2;"setosa"
"340";5,1;3,4;1,5;0,2;"setosa"
"341";5;3,5;1,3;0,3;"setosa"
"342";4,5;2,3;1,3;0,3;"setosa"
"343";4,4;3,2;1,3;0,2;"setosa"
"344";5;3,5;1,6;0,6;"setosa"
"345";5,1;3,8;1,9;0,4;"setosa"
"346";4,8;3;1,4;0,3;"setosa"
"347";5,1;3,8;1,6;0,2;"setosa"
"348";4,6;3,2;1,4;0,2;"setosa"
"349";5,3;3,7;1,5;0,2;"setosa"
"350";5;3,3;1,4;0,2;"setosa"
"351";7;3,2;4,7;1,4;"versicolor"
"352";6,4;3,2;4,5;1,5;"versicolor"
"353";6,9;3,1;4,9;1,5;"versicolor"
"354";5,5;2,3;4;1,3;"versicolor"
"355";6,5;2,8;4,6;1,5;"versicolor"
"356";5,7;2,8;4,5;1,3;"versicolor"
"357";6,3;3,3;4,7;1,6;"versicolor"
"358";4,9;2,4;3,3;1;"versicolor"
"359";6,6;2,9;4,6;1,3;"versicolor"
"360";5,2;2,7;3,9;1,4;"versicolor"
"361";5;2;3,5;1;"versicolor"
"362";5,9;3;4,2;1,5;"versicolor"
"363";6;2,2;4;1;"versicolor"
"364";6,1;2,9;4,7;1,4;"versicolor"
"365";5,6;2,9;3,6;1,3;"versicolor"
"366";6,7;3,1;4,4;1,4;"versicolor"
"367";5,6;3;4,5;1,5;"versicolor"
"368";5,8;2,7;4,1;1;"versicolor"
"369";6,2;2,2;4,5;1,5;"versicolor"
"370";5,6;2,5;3,9;1,1;"versicolor"
"371";5,9;3,2;4,8;1,8;"versicolor"
"372";6,1;2,8;4;1,3;"versicolor"
"373";6,3;2,5;4,9;1,5;"versicolor"
"374";6,1;2,8;4,7;1,2;"versicolor"
"375";6,4;2,9;4,3;1,3;"versicolor"
"376";6,6;3;4,4;1,4;"versicolor"
"377";6,8;2,8;4,8;1,4;"versicolor"
"378";6,7;3;5;1,7;"versicolor"
"379";6;2,9;4,5;1,5;"versicolor"
"380";5,7;2,6;3,5;1;"versicolor"
"381";5,5;2,4;3,8;1,1;"versicolor"
"382";5,5;2,4;3,7;1;"versicolor"
"383";5,8;2,7;3,9;1,2;"versicolor"
"384";6;2,7;5,1;1,6;"versicolor"
"385";5,4;3;4,5;1,5;"versicolor"
"386";6;3,4;4,5;1,6;"versicolor"
"387";6,7;3,1;4,7;1,5;"versicolor"
"388";6,3;2,3;4,4;1,3;"versicolor"
"389";5,6;3;4,1;1,3;"versicolor"
"390";5,5;2,5;4;1,3;"versicolor"
"391";5,5;2,6;4,4;1,2;"versicolor"
"392";6,1;3;4,6;1,4;"versicolor"
"393";5,8;2,6;4;1,2;"versicolor"
"394";5;2,3;3,3;1;"versicolor"
"395";5,6;2,7;4,2;1,3;"versicolor"
"396";5,7;3;4,2;1,2;"versicolor"
"397";5,7;2,9;4,2;1,3;"versicolor"
"398";6,2;2,9;4,3;1,3;"versicolor"
"399";5,1;2,5;3;1,1;"versicolor"
"400";5,7;2,8;4,1;1,3;"versicolor"
"401";6,3;3,3;6;2,5;"virginica"
"402";5,8;2,7;5,1;1,9;"virginica"
"403";7,1;3;5,9;2,1;"virginica"
"404";6,3;2,9;5,6;1,8;"virginica"
"405";6,5;3;5,8;2,2;"virginica"
"406";7,6;3;6,6;2,1;"virginica"
"407";4,9;2,5;4,5;1,7;"virginica"
"408";7,3;2,9;6,3;1,8;"virginica"
"409";6,7;2,5;5,8;1,8;"virginica"
"410";7,2;3,6;6,1;2,5;"virginica"
"411";6,5;3,2;5,1;2;"virginica"
"412";6,4;2,7;5,3;1,9;"virginica"
"413";6,8;3;5,5;2,1;"virginica"
"414";5,7;2,5;5;2;"virginica"
"415";5,8;2,8;5,1;2,4;"virginica"
"416";6,4;3,2;5,3;2,3;"virginica"
"417";6,5;3;5,5;1,8;"virginica"
"418";7,7;3,8;6,7;2,2;"virginica"
"419";7,7;2,6;6,9;2,3;"virginica"
"420";6;2,2;5;1,5;"virginica"
"421";6,9;3,2;5,7;2,3;"virginica"
"422";5,6;2,8;4,9;2;"virginica"
"423";7,7;2,8;6,7;2;"virginica"
"424";6,3;2,7;4,9;1,8;"virginica"
"425";6,7;3,3;5,7;2,1;"virginica"
"426";7,2;3,2;6;1,8;"virginica"
"427";6,2;2,8;4,8;1,8;"virginica"
"428";6,1;3;4,9;1,8;"virginica"
"429";6,4;2,8;5,6;2,1;"virginica"
"430";7,2;3;5,8;1,6;"virginica"
"431";7,4;2,8;6,1;1,9;"virginica"
"432";7,9;3,8;6,4;2;"virginica"
"433";6,4;2,8;5,6;2,2;"virginica"
"434";6,3;2,8;5,1;1,5;"virginica"
"435";6,1;2,6;5,6;1,4;"virginica"
"436";7,7;3;6,1;2,3;"virginica"
"437";6,3;3,4;5,6;2,4;"virginica"
"438";6,4;3,1;5,5;1,8;"virginica"
"439";6;3;4,8;1,8;"virginica"
"440";6,9;3,1;5,4;2,1;"virginica"
"441";6,7;3,1;5,6;2,4;"virginica"
"442";6,9;3,1;5,1;2,3;"virginica"
"443";5,8;2,7;5,1;1,9;"virginica"
"444";6,8;3,2;5,9;2,3;"virginica"
"445";6,7;3,3;5,7;2,5;"virginica"
"446";6,7;3;5,2;2,3;"virginica"
"447";6,3;2,5;5;1,9;"virginica"
"448";6,5;3;5,2;2;"virginica"
"449";6,2;3,4;5,4;2,3;"virginica"
"450";5,9;3;5,1;1,8;"virginica"
"451";5,1;3,5;1,4;0,2;"setosa"
"452";4,9;3;1,4;0,2;"setosa"
"453";4,7;3,2;1,3;0,2;"setosa"
"454";4,6;3,1;1,5;0,2;"setosa"
"455";5;3,6;1,4;0,2;"setosa"
"456";5,4;3,9;1,7;0,4;"setosa"
"457";4,6;3,4;1,4;0,3;"setosa"
"458";5;3,4;1,5;0,2;"setosa"
"459";4,4;2,9;1,4;0,2;"setosa"
"460";4,9;3,1;1,5;0,1;"setosa"
"461";5,4;3,7;1,5;0,2;"setosa"
"462";4,8;3,4;1,6;0,2;"setosa"
"463";4,8;3;1,4;0,1;"setosa"
"464";4,3;3;1,1;0,1;"setosa"
"465";5,8;4;1,2;0,2;"setosa"
"466";5,7;4,4;1,5;0,4;"setosa"
"467";5,4;3,9;1,3;0,4;"setosa"
"468";5,1;3,5;1,4;0,3;"setosa"
"469";5,7;3,8;1,7;0,3;"setosa"
"470";5,1;3,8;1,5;0,3;"setosa"
"471";5,4;3,4;1,7;0,2;"setosa"
"472";5,1;3,7;1,5;0,4;"setosa"
"473";4,6;3,6;1;0,2;"setosa"
"474";5,1;3,3;1,7;0,5;"setosa"
"475";4,8;3,4;1,9;0,2;"setosa"
"476";5;3;1,6;0,2;"setosa"
"477";5;3,4;1,6;0,4;"setosa"
"478";5,2;3,5;1,5;0,2;"setosa"
"479";5,2;3,4;1,4;0,2;"setosa"
"480";4,7;3,2;1,6;0,2;"setosa"
"481";4,8;3,1;1,6;0,2;"setosa"
"482";5,4;3,4;1,5;0,4;"setosa"
"483";5,2;4,1;1,5;0,1;"setosa"
"484";5,5;4,2;1,4;0,2;"setosa"
"485";4,9;3,1;1,5;0,2;"setosa"
"486";5;3,2;1,2;0,2;"setosa"
"487";5,5;3,5;1,3;0,2;"setosa"
"488";4,9;3,6;1,4;0,1;"setosa"
"489";4,4;3;1,3;0,2;"setosa"
"490";5,1;3,4;1,5;0,2;"setosa"
"491";5;3,5;1,3;0,3;"setosa"
"492";4,5;2,3;1,3;0,3;"setosa"
"493";4,4;3,2;1,3;0,2;"setosa"
"494";5;3,5;1,6;0,6;"setosa"
"495";5,1;3,8;1,9;0,4;"setosa"
"496";4,8;3;1,4;0,3;"setosa"
"497";5,1;3,8;1,6;0,2;"setosa"
"498";4,6;3,2;1,4;0,2;"setosa"
"499";5,3;3,7;1,5;0,2;"setosa"
"500";5;3,3;1,4;0,2;"setosa"
"501";7;3,2;4,7;1,4;"versicolor"
"502";6,4;3,2;4,5;1,5;"versicolor"
"503";6,9;3,1;4,9;1,5;"versicolor"
"504";5,5;2,3;4;1,3;"versicolor"
"505";6,5;2,8;4,6;1,5;"versicolor"
"506";5,7;2,8;4,5;1,3;"versicolor"
"507";6,3;3,3;4,7;1,6;"versicolor"
"508";4,9;2,4;3,3;1;"versicolor"
"509";6,6;2,9;4,6;1,3;"versicolor"
"510";5,2;2,7;3,9;1,4;"versicolor"
"511";5;2;3,5;1;"versicolor"
"512";5,9;3;4,2;1,5;"versicolor"
"513";6;2,2;4;1;"versicolor"
"514";6,1;2,9;4,7;1,4;"versicolor"
"515";5,6;2,9;3,6;1,3;"versicolor"
"516";6,7;3,1;4,4;1,4;"versicolor"
"517";5,6;3;4,5;1,5;"versicolor"
"518";5,8;2,7;4,1;1;"versicolor"
"519";6,2;2,2;4,5;1,5;"versicolor"
"520";5,6;2,5;3,9;1,1;"versicolor"
"521";5,9;3,2;4,8;1,8;"versicolor"
"522";6,1;2,8;4;1,3;"versicolor"
"523";6,3;2,5;4,9;1,5;"versicolor"
"524";6,1;2,8;4,7;1,2;"versicolor"
"525";6,4;2,9;4,3;1,3;"versicolor"
"526";6,6;3;4,4;1,4;"versicolor"
"527";6,8;2,8;4,8;1,4;"versicolor"
"528";6,7;3;5;1,7;"versicolor"
"529";6;2,9;4,5;1,5;"versicolor"
"530";5,7;2,6;3,5;1;"versicolor"
"531";5,5;2,4;3,8;1,1;"versicolor"
"532";5,5;2,4;3,7;1;"versicolor"
"533";5,8;2,7;3,9;1,2;"versicolor"
"534";6;2,7;5,1;1,6;"versicolor"
"535";5,4;3;4,5;1,5;"versicolor"
"536";6;3,4;4,5;1,6;"versicolor"
"537";6,7;3,1;4,7;1,5;"versicolor"
"538";6,3;2,3;4,4;1,3;"versicolor"
"539";5,6;3;4,1;1,3;"versicolor"
"540";5,5;2,5;4;1,3;"versicolor"
"541";5,5;2,6;4,4;1,2;"versicolor"
"542";6,1;3;4,6;1,4;"versicolor"
"543";5,8;2,6;4;1,2;"versicolor"
"544";5;2,3;3,3;1;"versicolor"
"545";5,6;2,7;4,2;1,3;"versicolor"
"546";5,7;3;4,2;1,2;"versicolor"
"547";5,7;2,9;4,2;1,3;"versicolor"
"548";6,2;2,9;4,3;1,3;"versicolor"
"549";5,1;2,5;3;1,1;"versicolor"
"550";5,7;2,8;4,1;1,3;"versicolor"
"551";6,3;3,3;6;2,5;"virginica"
"552";5,8;2,7;5,1;1,9;"virginica"
"553";7,1;3;5,9;2,1;"virginica"
"554";6,3;2,9;5,6;1,8;"virginica"
"555";6,5;3;5,8;2,2;"virginica"
"556";7,6;3;6,6;2,1;"virginica"
"557";4,9;2,5;4,5;1,7;"virginica"
"558";7,3;2,9;6,3;1,8;"virginica"
"559";6,7;2,5;5,8;1,8;"virginica"
"560";7,2;3,6;6,1;2,5;"virginica"
"561";6,5;3,2;5,1;2;"virginica"
"562";6,4;2,7;5,3;1,9;"virginica"
"563";6,8;3;5,5;2,1;"virginica"
"564";5,7;2,5;5;2;"virginica"
"565";5,8;2,8;5,1;2,4;"virginica"
"566";6,4;3,2;5,3;2,3;"virginica"
"567";6,5;3;5,5;1,8;"virginica"
"568";7,7;3,8;6,7;2,2;"virginica"
"569";7,7;2,6;6,9;2,3;"virginica"
"570";6;2,2;5;1,5;"virginica"
"571";6,9;3,2;5,7;2,3;"virginica"
"572";5,6;2,8;4,9;2;"virginica"
"573";7,7;2,8;6,7;2;"virginica"
"574";6,3;2,7;4,9;1,8;"virginica"
"575";6,7;3,3;5,7;2,1;"virginica"
"576";7,2;3,2;6;1,8;"virginica"
"577";6,2;2,8;4,8;1,8;"virginica"
"578";6,1;3;4,9;1,8;"virginica"
"579";6,4;2,8;5,6;2,1;"virginica"
"580";7,2;3;5,8;1,6;"virginica"
"581";7,4;2,8;6,1;1,9;"virginica"
"582";7,9;3,8;6,4;2;"virginica"
"583";6,4;2,8;5,6;2,2;"virginica"
"584";6,3;2,8;5,1;1,5;"virginica"
"585";6,1;2,6;5,6;1,4;"virginica"
"586";7,7;3;6,1;2,3;"virginica"
"587";6,3;3,4;5,6;2,4;"virginica"
"588";6,4;3,1;5,5;1,8;"virginica"
"589";6;3;4,8;1,8;"virginica"
"590";6,9;3,1;5,4;2,1;"virginica"
"591";6,7;3,1;5,6;2,4;"virginica"
"592";6,9;3,1;5,1;2,3;"virginica"
"593";5,8;2,7;5,1;1,9;"virginica"
"594";6,8;3,2;5,9;2,3;"virginica"
"595";6,7;3,3;5,7;2,5;"virginica"
"596";6,7;3;5,2;2,3;"virginica"
"597";6,3;2,5;5;1,9;"virginica"
"598";6,5;3;5,2;2;"virginica"
"599";6,2;3,4;5,4;2,3;"virginica"
"600";5,9;3;5,1;1,8;"virginica"
"601";5,1;3,5;1,4;0,2;"setosa"
"602";4,9;3;1,4;0,2;"setosa"
"603";4,7;3,2;1,3;0,2;"setosa"
"604";4,6;3,1;1,5;0,2;"setosa"
"605";5;3,6;1,4;0,2;"setosa"
"606";5,4;3,9;1,7;0,4;"setosa"
"607";4,6;3,4;1,4;0,3;"setosa"
"608";5;3,4;1,5;0,2;"setosa"
"609";4,4;2,9;1,4;0,2;"setosa"
"610";4,9;3,1;1,5;0,1;"setosa"
"611";5,4;3,7;1,5;0,2;"setosa"
"612";4,8;3,4;1,6;0,2;"setosa"
"613";4,8;3;1,4;0,1;"setosa"
"614";4,3;3;1,1;0,1;"setosa"
"615";5,8;4;1,2;0,2;"setosa"
"616";5,7;4,4;1,5;0,4;"setosa"
"617";5,4;3,9;1,3;0,4;"setosa"
"618";5,1;3,5;1,4;0,3;"setosa"
"619";5,7;3,8;1,7;0,3;"setosa"
"620";5,1;3,8;1,5;0,3;"setosa"
"621";5,4;3,4;1,7;0,2;"setosa"
"622";5,1;3,7;1,5;0,4;"setosa"
"623";4,6;3,6;1;0,2;"setosa"
"624";5,1;3,3;1,7;0,5;"setosa"
"625";4,8;3,4;1,9;0,2;"setosa"
"626";5;3;1,6;0,2;"setosa"
"627";5;3,4;1,6;0,4;"setosa"
"628";5,2;3,5;1,5;0,2;"setosa"
"629";5,2;3,4;1,4;0,2;"setosa"
"630";4,7;3,2;1,6;0,2;"setosa"
"631";4,8;3,1;1,6;0,2;"setosa"
"632";5,4;3,4;1,5;0,4;"setosa"
"633";5,2;4,1;1,5;0,1;"setosa"
"634";5,5;4,2;1,4;0,2;"setosa"
"635";4,9;3,1;1,5;0,2;"setosa"
"636";5;3,2;1,2;0,2;"setosa"
"637";5,5;3,5;1,3;0,2;"setosa"
"638";4,9;3,6;1,4;0,1;"setosa"
"639";4,4;3;1,3;0,2;"setosa"
"640";5,1;3,4;1,5;0,2;"setosa"
"641";5;3,5;1,3;0,3;"setosa"
"642";4,5;2,3;1,3;0,3;"setosa"
"643";4,4;3,2;1,3;0,2;"setosa"
"644";5;3,5;1,6;0,6;"setosa"
"645";5,1;3,8;1,9;0,4;"setosa"
"646";4,8;3;1,4;0,3;"setosa"
"647";5,1;3,8;1,6;0,2;"setosa"
"648";4,6;3,2;1,4;0,2;"setosa"
"649";5,3;3,7;1,5;0,2;"setosa"
"650";5;3,3;1,4;0,2;"setosa"
"651";7;3,2;4,7;1,4;"versicolor"
"652";6,4;3,2;4,5;1,5;"versicolor"
"653";6,9;3,1;4,9;1,5;"versicolor"
"654";5,5;2,3;4;1,3;"versicolor"
"655";6,5;2,8;4,6;1,5;"versicolor"
"656";5,7;2,8;4,5;1,3;"versicolor"
"657";6,3;3,3;4,7;1,6;"versicolor"
"658";4,9;2,4;3,3;1;"versicolor"
"659";6,6;2,9;4,6;1,3;"versicolor"
"660";5,2;2,7;3,9;1,4;"versicolor"
"661";5;2;3,5;1;"versicolor"
"662";5,9;3;4,2;1,5;"versicolor"
"663";6;2,2;4;1;"versicolor"
"664";6,1;2,9;4,7;1,4;"versicolor"
"665";5,6;2,9;3,6;1,3;"versicolor"
"666";6,7;3,1;4,4;1,4;"versicolor"
"667";5,6;3;4,5;1,5;"versicolor"
"668";5,8;2,7;4,1;1;"versicolor"
"669";6,2;2,2;4,5;1,5;"versicolor"
"670";5,6;2,5;3,9;1,1;"versicolor"
"671";5,9;3,2;4,8;1,8;"versicolor"
"672";6,1;2,8;4;1,3;"versicolor"
"673";6,3;2,5;4,9;1,5;"versicolor"
"674";6,1;2,8;4,7;1,2;"versicolor"
"675";6,4;2,9;4,3;1,3;"versicolor"
"676";6,6;3;4,4;1,4;"versicolor"
"677";6,8;2,8;4,8;1,4;"versicolor"
"678";6,7;3;5;1,7;"versicolor"
"679";6;2,9;4,5;1,5;"versicolor"
"680";5,7;2,6;3,5;1;"versicolor"
"681";5,5;2,4;3,8;1,1;"versicolor"
"682";5,5;2,4;3,7;1;"versicolor"
"683";5,8;2,7;3,9;1,2;"versicolor"
"684";6;2,7;5,1;1,6;"versicolor"
"685";5,4;3;4,5;1,5;"versicolor"
"686";6;3,4;4,5;1,6;"versicolor"
"687";6,7;3,1;4,7;1,5;"versicolor"
"688";6,3;2,3;4,4;1,3;"versicolor"
"689";5,6;3;4,1;1,3;"versicolor"
"690";5,5;2,5;4;1,3;"versicolor"
"691";5,5;2,6;4,4;1,2;"versicolor"
"692";6,1;3;4,6;1,4;"versicolor"
"693";5,8;2,6;4;1,2;"versicolor"
"694";5;2,3;3,3;1;"versicolor"
"695";5,6;2,7;4,2;1,3;"versicolor"
"696";5,7;3;4,2;1,2;"versicolor"
"697";5,7;2,9;4,2;1,3;"versicolor"
"698";6,2;2,9;4,3;1,3;"versicolor"
"699";5,1;2,5;3;1,1;"versicolor"
"700";5,7;2,8;4,1;1,3;"versicolor"
"701";6,3;3,3;6;2,5;"virginica"
"702";5,8;2,7;5,1;1,9;"virginica"
"703";7,1;3;5,9;2,1;"virginica"
"704";6,3;2,9;5,6;1,8;"virginica"
"705";6,5;3;5,8;2,2;"virginica"
"706";7,6;3;6,6;2,1;"virginica"
"707";4,9;2,5;4,5;1,7;"virginica"
"708";7,3;2,9;6,3;1,8;"virginica"
"709";6,7;2,5;5,8;1,8;"virginica"
"710";7,2;3,6;6,1;2,5;"virginica"
"711";6,5;3,2;5,1;2;"virginica"
"712";6,4;2,7;5,3;1,9;"virginica"
"713";6,8;3;5,5;2,1;"virginica"
"714";5,7;2,5;5;2;"virginica"
"715";5,8;2,8;5,1;2,4;"virginica"
"716";6,4;3,2;5,3;2,3;"virginica"
"717";6,5;3;5,5;1,8;"virginica"
"718";7,7;3,8;6,7;2,2;"virginica"
"719";7,7;2,6;6,9;2,3;"virginica"
"720";6;2,2;5;1,5;"virginica"
"721";6,9;3,2;5,7;2,3;"virginica"
"722";5,6;2,8;4,9;2;"virginica"
"723";7,7;2,8;6,7;2;"virginica"
"724";6,3;2,7;4,9;1,8;"virginica"
"725";6,7;3,3;5,7;2,1;"virginica"
"726";7,2;3,2;6;1,8;"virginica"
"727";6,2;2,8;4,8;1,8;"virginica"
"728";6,1;3;4,9;1,8;"virginica"
"729";6,4;2,8;5,6;2,1;"virginica"
"730";7,2;3;5,8;1,6;"virginica"
"731";7,4;2,8;6,1;1,9;"virginica"
"732";7,9;3,8;6,4;2;"virginica"
"733";6,4;2,8;5,6;2,2;"virginica"
"734";6,3;2,8;5,1;1,5;"virginica"
"735";6,1;2,6;5,6;1,4;"virginica"
"736";7,7;3;6,1;2,3;"virginica"
"737";6,3;3,4;5,6;2,4;"virginica"
"738";6,4;3,1;5,5;1,8;"virginica"
"739";6;3;4,8;1,8;"virginica"
"740";6,9;3,1;5,4;2,1;"virginica"
"741";6,7;3,1;5,6;2,4;"virginica"
"742";6,9;3,1;5,1;2,3;"virginica"
"743";5,8;2,7;5,1;1,9;"virginica"
"744";6,8;3,2;5,9;2,3;"virginica"
"745";6,7;3,3;5,7;2,5;"virginica"
"746";6,7;3;5,2;2,3;"virginica"
"747";6,3;2,5;5;1,9;"virginica"
"748";6,5;3;5,2;2;"virginica"
"749";6,2;3,4;5,4;2,3;"virginica"
"750";5,9;3;5,1;1,8;"virginica"
"751";5,1;3,5;1,4;0,2;"setosa"
"752";4,9;3;1,4;0,2;"setosa"
"753";4,7;3,2;1,3;0,2;"setosa"
"754";4,6;3,1;1,5;0,2;"setosa"
"755";5;3,6;1,4;0,2;"setosa"
"756";5,4;3,9;1,7;0,4;"setosa"
"757";4,6;3,4;1,4;0,3;"setosa"
"758";5;3,4;1,5;0,2;"setosa"
"759";4,4;2,9;1,4;0,2;"setosa"
"760";4,9;3,1;1,5;0,1;"setosa"
"761";5,4;3,7;1,5;0,2;"setosa"
"762";4,8;3,4;1,6;0,2;"setosa"
"763";4,8;3;1,4;0,1;"setosa"
"764";4,3;3;1,1;0,1;"setosa"
"765";5,8;4;1,2;0,2;"setosa"
"766";5,7;4,4;1,5;0,4;"setosa"
"767";5,4;3,9;1,3;0,4;"setosa"
"768";5,1;3,5;1,4;0,3;"setosa"
"769";5,7;3,8;1,7;0,3;"setosa"
"770";5,1;3,8;1,5;0,3;"setosa"
"771";5,4;3,4;1,7;0,2;"setosa"
"772";5,1;3,7;1,5;0,4;"setosa"
"773";4,6;3,6;1;0,2;"setosa"
"774";5,1;3,3;1,7;0,5;"setosa"
"775";4,8;3,4;1,9;0,2;"setosa"
"776";5;3;1,6;0,2;"setosa"
"777";5;3,4;1,6;0,4;"setosa"
"778";5,2;3,5;1,5;0,2;"setosa"
"779";5,2;3,4;1,4;0,2;"setosa"
"780";4,7;3,2;1,6;0,2;"setosa"
"781";4,8;3,1;1,6;0,2;"setosa"
"782";5,4;3,4;1,5;0,4;"setosa"
"783";5,2;4,1;1,5;0,1;"setosa"
"784";5,5;4,2;1,4;0,2;"setosa"
"785";4,9;3,1;1,5;0,2;"setosa"
"786";5;3,2;1,2;0,2;"setosa"
"787";5,5;3,5;1,3;0,2;"setosa"
"788";4,9;3,6;1,4;0,1;"setosa"
"789";4,4;3;1,3;0,2;"setosa"
"790";5,1;3,4;1,5;0,2;"setosa"
"791";5;3,5;1,3;0,3;"setosa"
"792";4,5;2,3;1,3;0,3;"setosa"
"793";4,4;3,2;1,3;0,2;"setosa"
"794";5;3,5;1,6;0,6;"setosa"
"795";5,1;3,8;1,9;0,4;"setosa"
"796";4,8;3;1,4;0,3;"setosa"
"797";5,1;3,8;1,6;0,2;"setosa"
"798";4,6;3,2;1,4;0,2;"setosa"
"799";5,3;3,7;1,5;0,2;"setosa"
"800";5;3,3;1,4;0,2;"setosa"
"801";7;3,2;4,7;1,4;"versicolor"
"802";6,4;3,2;4,5;1,5;"versicolor"
"803";6,9;3,1;4,9;1,5;"versicolor"
"804";5,5;2,3;4;1,3;"versicolor"
"805";6,5;2,8;4,6;1,5;"versicolor"
"806";5,7;2,8;4,5;1,3;"versicolor"
"807";6,3;3,3;4,7;1,6;"versicolor"
"808";4,9;2,4;3,3;1;"versicolor"
"809";6,6;2,9;4,6;1,3;"versicolor"
"810";5,2;2,7;3,9;1,4;"versicolor"
"811";5;2;3,5;1;"versicolor"
"812";5,9;3;4,2;1,5;"versicolor"
"813";6;2,2;4;1;"versicolor"
"814";6,1;2,9;4,7;1,4;"versicolor"
"815";5,6;2,9;3,6;1,3;"versicolor"
"816";6,7;3,1;4,4;1,4;"versicolor"
"817";5,6;3;4,5;1,5;"versicolor"
"818";5,8;2,7;4,1;1;"versicolor"
"819";6,2;2,2;4,5;1,5;"versicolor"
"820";5,6;2,5;3,9;1,1;"versicolor"
"821";5,9;3,2;4,8;1,8;"versicolor"
"822";6,1;2,8;4;1,3;"versicolor"
"823";6,3;2,5;4,9;1,5;"versicolor"
"824";6,1;2,8;4,7;1,2;"versicolor"
"825";6,4;2,9;4,3;1,3;"versicolor"
"826";6,6;3;4,4;1,4;"versicolor"
"827";6,8;2,8;4,8;1,4;"versicolor"
"828";6,7;3;5;1,7;"versicolor"
"829";6;2,9;4,5;1,5;"versicolor"
"830";5,7;2,6;3,5;1;"versicolor"
"831";5,5;2,4;3,8;1,1;"versicolor"
"832";5,5;2,4;3,7;1;"versicolor"
"833";5,8;2,7;3,9;1,2;"versicolor"
"834";6;2,7;5,1;1,6;"versicolor"
"835";5,4;3;4,5;1,5;"versicolor"
"836";6;3,4;4,5;1,6;"versicolor"
"837";6,7;3,1;4,7;1,5;"versicolor"
"838";6,3;2,3;4,4;1,3;"versicolor"
"839";5,6;3;4,1;1,3;"versicolor"
"840";5,5;2,5;4;1,3;"versicolor"
"841";5,5;2,6;4,4;1,2;"versicolor"
"842";6,1;3;4,6;1,4;"versicolor"
"843";5,8;2,6;4;1,2;"versicolor"
"844";5;2,3;3,3;1;"versicolor"
"845";5,6;2,7;4,2;1,3;"versicolor"
"846";5,7;3;4,2;1,2;"versicolor"
"847";5,7;2,9;4,2;1,3;"versicolor"
"848";6,2;2,9;4,3;1,3;"versicolor"
"849";5,1;2,5;3;1,1;"versicolor"
"850";5,7;2,8;4,1;1,3;"versicolor"
"851";6,3;3,3;6;2,5;"virginica"
"852";5,8;2,7;5,1;1,9;"virginica"
"853";7,1;3;5,9;2,1;"virginica"
"854";6,3;2,9;5,6;1,8;"virginica"
"855";6,5;3;5,8;2,2;"virginica"
"856";7,6;3;6,6;2,1;"virginica"
"857";4,9;2,5;4,5;1,7;"virginica"
"858";7,3;2,9;6,3;1,8;"virginica"
"859";6,7;2,5;5,8;1,8;"virginica"
"860";7,2;3,6;6,1;2,5;"virginica"
"861";6,5;3,2;5,1;2;"virginica"
"862";6,4;2,7;5,3;1,9;"virginica"
"863";6,8;3;5,5;2,1;"virginica"
"864";5,7;2,5;5;2;"virginica"
"865";5,8;2,8;5,1;2,4;"virginica"
"866";6,4;3,2;5,3;2,3;"virginica"
"867";6,5;3;5,5;1,8;"virginica"
"868";7,7;3,8;6,7;2,2;"virginica"
"869";7,7;2,6;6,9;2,3;"virginica"
"870";6;2,2;5;1,5;"virginica"
"871";6,9;3,2;5,7;2,3;"virginica"
"872";5,6;2,8;4,9;2;"virginica"
"873";7,7;2,8;6,7;2;"virginica"
"874";6,3;2,7;4,9;1,8;"virginica"
"875";6,7;3,3;5,7;2,1;"virginica"
"876";7,2;3,2;6;1,8;"virginica"
"877";6,2;2,8;4,8;1,8;"virginica"
"878";6,1;3;4,9;1,8;"virginica"
"879";6,4;2,8;5,6;2,1;"virginica"
"880";7,2;3;5,8;1,6;"virginica"
"881";7,4;2,8;6,1;1,9;"virginica"
"882";7,9;3,8;6,4;2;"virginica"
"883";6,4;2,8;5,6;2,2;"virginica"
"884";6,3;2,8;5,1;1,5;"virginica"
"885";6,1;2,6;5,6;1,4;"virginica"
"886";7,7;3;6,1;2,3;"virginica"
"887";6,3;3,4;5,6;2,4;"virginica"
"888";6,4;3,1;5,5;1,8;"virginica"
"889";6;3;4,8;1,8;"virginica"
"890";6,9;3,1;5,4;2,1;"virginica"
"891";6,7;3,1;5,6;2,4;"virginica"
"892";6,9;3,1;5,1;2,3;"virginica"
"893";5,8;2,7;5,1;1,9;"virginica"
"894";6,8;3,2;5,9;2,3;"virginica"
"895";6,7;3,3;5,7;2,5;"virginica"
"896";6,7;3;5,2;2,3;"virginica"
"897";6,3;2,5;5;1,9;"virginica"
"898";6,5;3;5,2;2;"virginica"
"899";6,2;3,4;5,4;2,3;"virginica"
"900";5,9;3;5,1;1,8;"virginica"
"901";5,1;3,5;1,4;0,2;"setosa"
"902";4,9;3;1,4;0,2;"setosa"
"903";4,7;3,2;1,3;0,2;"setosa"
"904";4,6;3,1;1,5;0,2;"setosa"
"905";5;3,6;1,4;0,2;"setosa"
"906";5,4;3,9;1,7;0,4;"setosa"
"907";4,6;3,4;1,4;0,3;"setosa"
"908";5;3,4;1,5;0,2;"setosa"
"909";4,4;2,9;1,4;0,2;"setosa"
"910";4,9;3,1;1,5;0,1;"setosa"
"911";5,4;3,7;1,5;0,2;"setosa"
"912";4,8;3,4;1,6;0,2;"setosa"
"913";4,8;3;1,4;0,1;"setosa"
"914";4,3;3;1,1;0,1;"setosa"
"915";5,8;4;1,2;0,2;"setosa"
"916";5,7;4,4;1,5;0,4;"setosa"
"917";5,4;3,9;1,3;0,4;"setosa"
"918";5,1;3,5;1,4;0,3;"setosa"
"919";5,7;3,8;1,7;0,3;"setosa"
"920";5,1;3,8;1,5;0,3;"setosa"
"921";5,4;3,4;1,7;0,2;"setosa"
"922";5,1;3,7;1,5;0,4;"setosa"
"923";4,6;3,6;1;0,2;"setosa"
"924";5,1;3,3;1,7;0,5;"setosa"
"925";4,8;3,4;1,9;0,2;"setosa"
"926";5;3;1,6;0,2;"setosa"
"927";5;3,4;1,6;0,4;"setosa"
"928";5,2;3,5;1,5;0,2;"setosa"
"929";5,2;3,4;1,4;0,2;"setosa"
"930";4,7;3,2;1,6;0,2;"setosa"
"931";4,8;3,1;1,6;0,2;"setosa"
"932";5,4;3,4;1,5;0,4;"setosa"
"933";5,2;4,1;1,5;0,1;"setosa"
"934";5,5;4,2;1,4;0,2;"setosa"
"935";4,9;3,1;1,5;0,2;"setosa"
"936";5;3,2;1,2;0,2;"setosa"
"937";5,5;3,5;1,3;0,2;"setosa"
"938";4,9;3,6;1,4;0,1;"setosa"
"939";4,4;3;1,3;0,2;"setosa"
"940";5,1;3,4;1,5;0,2;"setosa"
"941";5;3,5;1,3;0,3;"setosa"
"942";4,5;2,3;1,3;0,3;"setosa"
"943";4,4;3,2;1,3;0,2;"setosa"
"944";5;3,5;1,6;0,6;"setosa"
"945";5,1;3,8;1,9;0,4;"setosa"
"946";4,8;3;1,4;0,3;"setosa"
"947";5,1;3,8;1,6;0,2;"setosa"
"948";4,6;3,2;1,4;0,2;"setosa"
"949";5,3;3,7;1,5;0,2;"setosa"
"950";5;3,3;1,4;0,2;"setosa"
"951";7;3,2;4,7;1,4;"versicolor"
"952";6,4;3,2;4,5;1,5;"versicolor"
"953";6,9;3,1;4,9;1,5;"versicolor"
"954";5,5;2,3;4;1,3;"versicolor"
"955";6,5;2,8;4,6;1,5;"versicolor"
"956";5,7;2,8;4,5;1,3;"versicolor"
"957";6,3;3,3;4,7;1,6;"versicolor"
"958";4,9;2,4;3,3;1;"versicolor"
"959";6,6;2,9;4,6;1,3;"versicolor"
"960";5,2;2,7;3,9;1,4;"versicolor"
"961";5;2;3,5;1;"versicolor"
"962";5,9;3;4,2;1,5;"versicolor"
"963";6;2,2;4;1;"versicolor"
"964";6,1;2,9;4,7;1,4;"versicolor"
"965";5,6;2,9;3,6;1,3;"versicolor"
"966";6,7;3,1;4,4;1,4;"versicolor"
"967";5,6;3;4,5;1,5;"versicolor"
"968";5,8;2,7;4,1;1;"versicolor"
"969";6,2;2,2;4,5;1,5;"versicolor"
"970";5,6;2,5;3,9;1,1;"versicolor"
"971";5,9;3,2;4,8;1,8;"versicolor"
"972";6,1;2,8;4;1,3;"versicolor"
"973";6,3;2,5;4,9;1,5;"versicolor"
"974";6,1;2,8;4,7;1,2;"versicolor"
"975";6,4;2,9;4,3;1,3;"versicolor"
"976";6,6;3;4,4;1,4;"versicolor"
"977";6,8;2,8;4,8;1,4;"versicolor"
"978";6,7;3;5;1,7;"versicolor"
"979";6;2,9;4,5;1,5;"versicolor"
"980";5,7;2,6;3,5;1;"versicolor"
"981";5,5;2,4;3,8;1,1;"versicolor"
"982";5,5;2,4;3,7;1;"versicolor"
"983";5,8;2,7;3,9;1,2;"versicolor"
"984";6;2,7;5,1;1,6;"versicolor"
"985";5,4;3;4,5;1,5;"versicolor"
"986";6;3,4;4,5;1,6;"versicolor"
"987";6,7;3,1;4,7;1,5;"versicolor"
"988";6,3;2,3;4,4;1,3;"versicolor"
"989";5,6;3;4,1;1,3;"versicolor"
"990";5,5;2,5;4;1,3;"versicolor"
"991";5,5;2,6;4,4;1,2;"versicolor"
"992";6,1;3;4,6;1,4;"versicolor"
"993";5,8;2,6;4;1,2;"versicolor"
"994";5;2,3;3,3;1;"versicolor"
"995";5,6;2,7;4,2;1,3;"versicolor"
"996";5,7;3;4,2;1,2;"versicolor"
"997";5,7;2,9;4,2;1,3;"versicolor"
"998";6,2;2,9;4,3;1,3;"versicolor"
"999";5,1;2,5;3;1,1;"versicolor"
"1000";5,7;2,8;4,1;1,3;"versicolor"
"1001";6,3;3,3;6;2,5;"virginica"
"1002";5,8;2,7;5,1;1,9;"virginica"
"1003";7,1;3;5,9;2,1;"virginica"
"1004";6,3;2,9;5,6;1,8;"virginica"
"1005";6,5;3;5,8;2,2;"virginica"
"1006";7,6;3;6,6;2,1;"virginica"
"1007";4,9;2,5;4,5;1,7;"virginica"
"1008";7,3;2,9;6,3;1,8;"virginica"
"1009";6,7;2,5;5,8;1,8;"virginica"
"1010";7,2;3,6;6,1;2,5;"virginica"
"1011";6,5;3,2;5,1;2;"virginica"
"1012";6,4;2,7;5,3;1,9;"virginica"
"1013";6,8;3;5,5;2,1;"virginica"
"1014";5,7;2,5;5;2;"virginica"
"1015";5,8;2,8;5,1;2,4;"virginica"
"1016";6,4;3,2;5,3;2,3;"virginica"
"1017";6,5;3;5,5;1,8;"virginica"
"1018";7,7;3,8;6,7;2,2;"virginica"
"1019";7,7;2,6;6,9;2,3;"virginica"
"1020";6;2,2;5;1,5;"virginica"
"1021";6,9;3,2;5,7;2,3;"virginica"
"1022";5,6;2,8;4,9;2;"virginica"
"1023";7,7;2,8;6,7;2;"virginica"
"1024";6,3;2,7;4,9;1,8;"virginica"
"1025";6,7;3,3;5,7;2,1;"virginica"
"1026";7,2;3,2;6;1,8;"virginica"
"1027";6,2;2,8;4,8;1,8;"virginica"
"1028";6,1;3;4,9;1,8;"virginica"
"1029";6,4;2,8;5,6;2,1;"virginica"
"1030";7,2;3;5,8;1,6;"virginica"
"1031";7,4;2,8;6,1;1,9;"virginica"
"1032";7,9;3,8;6,4;2;"virginica"
"1033";6,4;2,8;5,6;2,2;"virginica"
"1034";6,3;2,8;5,1;1,5;"virginica"
"1035";6,1;2,6;5,6;1,4;"virginica"
"1036";7,7;3;6,1;2,3;"virginica"
"1037";6,3;3,4;5,6;2,4;"virginica"
"1038";6,4;3,1;5,5;1,8;"virginica"
"1039";6;3;4,8;1,8;"virginica"
"1040";6,9;3,1;5,4;2,1;"virginica"
"1041";6,7;3,1;5,6;2,4;"virginica"
"1042";6,9;3,1;5,1;2,3;"virginica"
"1043";5,8;2,7;5,1;1,9;"virginica"
"1044";6,8;3,2;5,9;2,3;"virginica"
"1045";6,7;3,3;5,7;2,5;"virginica"
"1046";6,7;3;5,2;2,3;"virginica"
"1047";6,3;2,5;5;1,9;"virginica"
"1048";6,5;3;5,2;2;"virginica"
"1049";6,2;3,4;5,4;2,3;"virginica"
"1050";5,9;3;5,1;1,8;"virginica"
"1051";5,1;3,5;1,4;0,2;"setosa"
"1052";4,9;3;1,4;0,2;"setosa"
"1053";4,7;3,2;1,3;0,2;"setosa"
"1054";4,6;3,1;1,5;0,2;"setosa"
"1055";5;3,6;1,4;0,2;"setosa"
"1056";5,4;3,9;1,7;0,4;"setosa"
"1057";4,6;3,4;1,4;0,3;"setosa"
"1058";5;3,4;1,5;0,2;"setosa"
"1059";4,4;2,9;1,4;0,2;"setosa"
"1060";4,9;3,1;1,5;0,1;"setosa"
"1061";5,4;3,7;1,5;0,2;"setosa"
"1062";4,8;3,4;1,6;0,2;"setosa"
"1063";4,8;3;1,4;0,1;"setosa"
"1064";4,3;3;1,1;0,1;"setosa"
"1065";5,8;4;1,2;0,2;"setosa"
"1066";5,7;4,4;1,5;0,4;"setosa"
"1067";5,4;3,9;1,3;0,4;"setosa"
"1068";5,1;3,5;1,4;0,3;"setosa"
"1069";5,7;3,8;1,7;0,3;"setosa"
"1070";5,1;3,8;1,5;0,3;"setosa"
"1071";5,4;3,4;1,7;0,2;"setosa"
"1072";5,1;3,7;1,5;0,4;"setosa"
"1073";4,6;3,6;1;0,2;"setosa"
"1074";5,1;3,3;1,7;0,5;"setosa"
"1075";4,8;3,4;1,9;0,2;"setosa"
"1076";5;3;1,6;0,2;"setosa"
"1077";5;3,4;1,6;0,4;"setosa"
"1078";5,2;3,5;1,5;0,2;"setosa"
"1079";5,2;3,4;1,4;0,2;"setosa"
"1080";4,7;3,2;1,6;0,2;"setosa"
"1081";4,8;3,1;1,6;0,2;"setosa"
"1082";5,4;3,4;1,5;0,4;"setosa"
"1083";5,2;4,1;1,5;0,1;"setosa"
"1084";5,5;4,2;1,4;0,2;"setosa"
"1085";4,9;3,1;1,5;0,2;"setosa"
"1086";5;3,2;1,2;0,2;"setosa"
"1087";5,5;3,5;1,3;0,2;"setosa"
"1088";4,9;3,6;1,4;0,1;"setosa"
"1089";4,4;3;1,3;0,2;"setosa"
"1090";5,1;3,4;1,5;0,2;"setosa"
"1091";5;3,5;1,3;0,3;"setosa"
"1092";4,5;2,3;1,3;0,3;"setosa"
"1093";4,4;3,2;1,3;0,2;"setosa"
"1094";5;3,5;1,6;0,6;"setosa"
"1095";5,1;3,8;1,9;0,4;"setosa"
"1096";4,8;3;1,4;0,3;"setosa"
"1097";5,1;3,8;1,6;0,2;"setosa"
"1098";4,6;3,2;1,4;0,2;"setosa"
"1099";5,3;3,7;1,5;0,2;"setosa"
"1100";5;3,3;1,4;0,2;"setosa"
"1101";7;3,2;4,7;1,4;"versicolor"
"1102";6,4;3,2;4,5;1,5;"versicolor"
"1103";6,9;3,1;4,9;1,5;"versicolor"
"1104";5,5;2,3;4;1,3;"versicolor"
"1105";6,5;2,8;4,6;1,5;"versicolor"
"1106";5,7;2,8;4,5;1,3;"versicolor"
"1107";6,3;3,3;4,7;1,6;"versicolor"
"1108";4,9;2,4;3,3;1;"versicolor"
"1109";6,6;2,9;4,6;1,3;"versicolor"
"1110";5,2;2,7;3,9;1,4;"versicolor"
"1111";5;2;3,5;1;"versicolor"
"1112";5,9;3;4,2;1,5;"versicolor"
"1113";6;2,2;4;1;"versicolor"
"1114";6,1;2,9;4,7;1,4;"versicolor"
"1115";5,6;2,9;3,6;1,3;"versicolor"
"1116";6,7;3,1;4,4;1,4;"versicolor"
"1117";5,6;3;4,5;1,5;"versicolor"
"1118";5,8;2,7;4,1;1;"versicolor"
"1119";6,2;2,2;4,5;1,5;"versicolor"
"1120";5,6;2,5;3,9;1,1;"versicolor"
"1121";5,9;3,2;4,8;1,8;"versicolor"
"1122";6,1;2,8;4;1,3;"versicolor"
"1123";6,3;2,5;4,9;1,5;"versicolor"
"1124";6,1;2,8;4,7;1,2;"versicolor"
"1125";6,4;2,9;4,3;1,3;"versicolor"
"1126";6,6;3;4,4;1,4;"versicolor"
"1127";6,8;2,8;4,8;1,4;"versicolor"
"1128";6,7;3;5;1,7;"versicolor"
"1129";6;2,9;4,5;1,5;"versicolor"
"1130";5,7;2,6;3,5;1;"versicolor"
"1131";5,5;2,4;3,8;1,1;"versicolor"
"1132";5,5;2,4;3,7;1;"versicolor"
"1133";5,8;2,7;3,9;1,2;"versicolor"
"1134";6;2,7;5,1;1,6;"versicolor"
"1135";5,4;3;4,5;1,5;"versicolor"
"1136";6;3,4;4,5;1,6;"versicolor"
"1137";6,7;3,1;4,7;1,5;"versicolor"
"1138";6,3;2,3;4,4;1,3;"versicolor"
"1139";5,6;3;4,1;1,3;"versicolor"
"1140";5,5;2,5;4;1,3;"versicolor"
"1141";5,5;2,6;4,4;1,2;"versicolor"
"1142";6,1;3;4,6;1,4;"versicolor"
"1143";5,8;2,6;4;1,2;"versicolor"
"1144";5;2,3;3,3;1;"versicolor"
"1145";5,6;2,7;4,2;1,3;"versicolor"
"1146";5,7;3;4,2;1,2;"versicolor"
"1147";5,7;2,9;4,2;1,3;"versicolor"
"1148";6,2;2,9;4,3;1,3;"versicolor"
"1149";5,1;2,5;3;1,1;"versicolor"
"1150";5,7;2,8;4,1;1,3;"versicolor"
"1151";6,3;3,3;6;2,5;"virginica"
"1152";5,8;2,7;5,1;1,9;"virginica"
"1153";7,1;3;5,9;2,1;"virginica"
"1154";6,3;2,9;5,6;1,8;"virginica"
"1155";6,5;3;5,8;2,2;"virginica"
"1156";7,6;3;6,6;2,1;"virginica"
"1157";4,9;2,5;4,5;1,7;"virginica"
"1158";7,3;2,9;6,3;1,8;"virginica"
"1159";6,7;2,5;5,8;1,8;"virginica"
"1160";7,2;3,6;6,1;2,5;"virginica"
"1161";6,5;3,2;5,1;2;"virginica"
"1162";6,4;2,7;5,3;1,9;"virginica"
"1163";6,8;3;5,5;2,1;"virginica"
"1164";5,7;2,5;5;2;"virginica"
"1165";5,8;2,8;5,1;2,4;"virginica"
"1166";6,4;3,2;5,3;2,3;"virginica"
"1167";6,5;3;5,5;1,8;"virginica"
"1168";7,7;3,8;6,7;2,2;"virginica"
"1169";7,7;2,6;6,9;2,3;"virginica"
"1170";6;2,2;5;1,5;"virginica"
"1171";6,9;3,2;5,7;2,3;"virginica"
"1172";5,6;2,8;4,9;2;"virginica"
"1173";7,7;2,8;6,7;2;"virginica"
"1174";6,3;2,7;4,9;1,8;"virginica"
"1175";6,7;3,3;5,7;2,1;"virginica"
"1176";7,2;3,2;6;1,8;"virginica"
"1177";6,2;2,8;4,8;1,8;"virginica"
"1178";6,1;3;4,9;1,8;"virginica"
"1179";6,4;2,8;5,6;2,1;"virginica"
"1180";7,2;3;5,8;1,6;"virginica"
"1181";7,4;2,8;6,1;1,9;"virginica"
"1182";7,9;3,8;6,4;2;"virginica"
"1183";6,4;2,8;5,6;2,2;"virginica"
"1184";6,3;2,8;5,1;1,5;"virginica"
"1185";6,1;2,6;5,6;1,4;"virginica"
"1186";7,7;3;6,1;2,3;"virginica"
"1187";6,3;3,4;5,6;2,4;"virginica"
"1188";6,4;3,1;5,5;1,8;"virginica"
"1189";6;3;4,8;1,8;"virginica"
"1190";6,9;3,1;5,4;2,1;"virginica"
"1191";6,7;3,1;5,6;2,4;"virginica"
"1192";6,9;3,1;5,1;2,3;"virginica"
"1193";5,8;2,7;5,1;1,9;"virginica"
"1194";6,8;3,2;5,9;2,3;"virginica"
"1195";6,7;3,3;5,7;2,5;"virginica"
"1196";6,7;3;5,2;2,3;"virginica"
"1197";6,3;2,5;5;1,9;"virginica"
"1198";6,5;3;5,2;2;"virginica"
"1199";6,2;3,4;5,4;2,3;"virginica"
"1200";5,9;3;5,1;1,8;"virginica"
"1201";5,1;3,5;1,4;0,2;"setosa"
"1202";4,9;3;1,4;0,2;"setosa"
"1203";4,7;3,2;1,3;0,2;"setosa"
"1204";4,6;3,1;1,5;0,2;"setosa"
"1205";5;3,6;1,4;0,2;"setosa"
"1206";5,4;3,9;1,7;0,4;"setosa"
"1207";4,6;3,4;1,4;0,3;"setosa"
"1208";5;3,4;1,5;0,2;"setosa"
"1209";4,4;2,9;1,4;0,2;"setosa"
"1210";4,9;3,1;1,5;0,1;"setosa"
"1211";5,4;3,7;1,5;0,2;"setosa"
"1212";4,8;3,4;1,6;0,2;"setosa"
"1213";4,8;3;1,4;0,1;"setosa"
"1214";4,3;3;1,1;0,1;"setosa"
"1215";5,8;4;1,2;0,2;"setosa"
"1216";5,7;4,4;1,5;0,4;"setosa"
"1217";5,4;3,9;1,3;0,4;"setosa"
"1218";5,1;3,5;1,4;0,3;"setosa"
"1219";5,7;3,8;1,7;0,3;"setosa"
"1220";5,1;3,8;1,5;0,3;"setosa"
"1221";5,4;3,4;1,7;0,2;"setosa"
"1222";5,1;3,7;1,5;0,4;"setosa"
"1223";4,6;3,6;1;0,2;"setosa"
"1224";5,1;3,3;1,7;0,5;"setosa"
"1225";4,8;3,4;1,9;0,2;"setosa"
"1226";5;3;1,6;0,2;"setosa"
"1227";5;3,4;1,6;0,4;"setosa"
"1228";5,2;3,5;1,5;0,2;"setosa"
"1229";5,2;3,4;1,4;0,2;"setosa"
"1230";4,7;3,2;1,6;0,2;"setosa"
"1231";4,8;3,1;1,6;0,2;"setosa"
"1232";5,4;3,4;1,5;0,4;"setosa"
"1233";5,2;4,1;1,5;0,1;"setosa"
"1234";5,5;4,2;1,4;0,2;"setosa"
"1235";4,9;3,1;1,5;0,2;"setosa"
"1236";5;3,2;1,2;0,2;"setosa"
"1237";5,5;3,5;1,3;0,2;"setosa"
"1238";4,9;3,6;1,4;0,1;"setosa"
"1239";4,4;3;1,3;0,2;"setosa"
"1240";5,1;3,4;1,5;0,2;"setosa"
"1241";5;3,5;1,3;0,3;"setosa"
"1242";4,5;2,3;1,3;0,3;"setosa"
"1243";4,4;3,2;1,3;0,2;"setosa"
"1244";5;3,5;1,6;0,6;"setosa"
"1245";5,1;3,8;1,9;0,4;"setosa"
"1246";4,8;3;1,4;0,3;"setosa"
"1247";5,1;3,8;1,6;0,2;"setosa"
"1248";4,6;3,2;1,4;0,2;"setosa"
"1249";5,3;3,7;1,5;0,2;"setosa"
"1250";5;3,3;1,4;0,2;"setosa"
"1251";7;3,2;4,7;1,4;"versicolor"
"1252";6,4;3,2;4,5;1,5;"versicolor"
"1253";6,9;3,1;4,9;1,5;"versicolor"
"1254";5,5;2,3;4;1,3;"versicolor"
"1255";6,5;2,8;4,6;1,5;"versicolor"
"1256";5,7;2,8;4,5;1,3;"versicolor"
"1257";6,3;3,3;4,7;1,6;"versicolor"
"1258";4,9;2,4;3,3;1;"versicolor"
"1259";6,6;2,9;4,6;1,3;"versicolor"
"1260";5,2;2,7;3,9;1,4;"versicolor"
"1261";5;2;3,5;1;"versicolor"
"1262";5,9;3;4,2;1,5;"versicolor"
"1263";6;2,2;4;1;"versicolor"
"1264";6,1;2,9;4,7;1,4;"versicolor"
"1265";5,6;2,9;3,6;1,3;"versicolor"
"1266";6,7;3,1;4,4;1,4;"versicolor"
"1267";5,6;3;4,5;1,5;"versicolor"
"1268";5,8;2,7;4,1;1;"versicolor"
"1269";6,2;2,2;4,5;1,5;"versicolor"
"1270";5,6;2,5;3,9;1,1;"versicolor"
"1271";5,9;3,2;4,8;1,8;"versicolor"
"1272";6,1;2,8;4;1,3;"versicolor"
"1273";6,3;2,5;4,9;1,5;"versicolor"
"1274";6,1;2,8;4,7;1,2;"versicolor"
"1275";6,4;2,9;4,3;1,3;"versicolor"
"1276";6,6;3;4,4;1,4;"versicolor"
"1277";6,8;2,8;4,8;1,4;"versicolor"
"1278";6,7;3;5;1,7;"versicolor"
"1279";6;2,9;4,5;1,5;"versicolor"
"1280";5,7;2,6;3,5;1;"versicolor"
"1281";5,5;2,4;3,8;1,1;"versicolor"
"1282";5,5;2,4;3,7;1;"versicolor"
"1283";5,8;2,7;3,9;1,2;"versicolor"
"1284";6;2,7;5,1;1,6;"versicolor"
"1285";5,4;3;4,5;1,5;"versicolor"
"1286";6;3,4;4,5;1,6;"versicolor"
"1287";6,7;3,1;4,7;1,5;"versicolor"
"1288";6,3;2,3;4,4;1,3;"versicolor"
"1289";5,6;3;4,1;1,3;"versicolor"
"1290";5,5;2,5;4;1,3;"versicolor"
"1291";5,5;2,6;4,4;1,2;"versicolor"
"1292";6,1;3;4,6;1,4;"versicolor"
"1293";5,8;2,6;4;1,2;"versicolor"
"1294";5;2,3;3,3;1;"versicolor"
"1295";5,6;2,7;4,2;1,3;"versicolor"
"1296";5,7;3;4,2;1,2;"versicolor"
"1297";5,7;2,9;4,2;1,3;"versicolor"
"1298";6,2;2,9;4,3;1,3;"versicolor"
"1299";5,1;2,5;3;1,1;"versicolor"
"1300";5,7;2,8;4,1;1,3;"versicolor"
"1301";6,3;3,3;6;2,5;"virginica"
"1302";5,8;2,7;5,1;1,9;"virginica"
"1303";7,1;3;5,9;2,1;"virginica"
"1304";6,3;2,9;5,6;1,8;"virginica"
"1305";6,5;3;5,8;2,2;"virginica"
"1306";7,6;3;6,6;2,1;"virginica"
"1307";4,9;2,5;4,5;1,7;"virginica"
"1308";7,3;2,9;6,3;1,8;"virginica"
"1309";6,7;2,5;5,8;1,8;"virginica"
"1310";7,2;3,6;6,1;2,5;"virginica"
"1311";6,5;3,2;5,1;2;"virginica"
"1312";6,4;2,7;5,3;1,9;"virginica"
"1313";6,8;3;5,5;2,1;"virginica"
"1314";5,7;2,5;5;2;"virginica"
"1315";5,8;2,8;5,1;2,4;"virginica"
"1316";6,4;3,2;5,3;2,3;"virginica"
"1317";6,5;3;5,5;1,8;"virginica"
"1318";7,7;3,8;6,7;2,2;"virginica"
"1319";7,7;2,6;6,9;2,3;"virginica"
"1320";6;2,2;5;1,5;"virginica"
"1321";6,9;3,2;5,7;2,3;"virginica"
"1322";5,6;2,8;4,9;2;"virginica"
"1323";7,7;2,8;6,7;2;"virginica"
"1324";6,3;2,7;4,9;1,8;"virginica"
"1325";6,7;3,3;5,7;2,1;"virginica"
"1326";7,2;3,2;6;1,8;"virginica"
"1327";6,2;2,8;4,8;1,8;"virginica"
"1328";6,1;3;4,9;1,8;"virginica"
"1329";6,4;2,8;5,6;2,1;"virginica"
"1330";7,2;3;5,8;1,6;"virginica"
"1331";7,4;2,8;6,1;1,9;"virginica"
"1332";7,9;3,8;6,4;2;"virginica"
"1333";6,4;2,8;5,6;2,2;"virginica"
"1334";6,3;2,8;5,1;1,5;"virginica"
"1335";6,1;2,6;5,6;1,4;"virginica"
"1336";7,7;3;6,1;2,3;"virginica"
"1337";6,3;3,4;5,6;2,4;"virginica"
"1338";6,4;3,1;5,5;1,8;"virginica"
"1339";6;3;4,8;1,8;"virginica"
"1340";6,9;3,1;5,4;2,1;"virginica"
"1341";6,7;3,1;5,6;2,4;"virginica"
"1342";6,9;3,1;5,1;2,3;"virginica"
"1343";5,8;2,7;5,1;1,9;"virginica"
"1344";6,8;3,2;5,9;2,3;"virginica"
"1345";6,7;3,3;5,7;2,5;"virginica"
"1346";6,7;3;5,2;2,3;"virginica"
"1347";6,3;2,5;5;1,9;"virginica"
"1348";6,5;3;5,2;2;"virginica"
"1349";6,2;3,4;5,4;2,3;"virginica"
"1350";5,9;3;5,1;1,8;"virginica"
"1351";5,1;3,5;1,4;0,2;"setosa"
"1352";4,9;3;1,4;0,2;"setosa"
"1353";4,7;3,2;1,3;0,2;"setosa"
"1354";4,6;3,1;1,5;0,2;"setosa"
"1355";5;3,6;1,4;0,2;"setosa"
"1356";5,4;3,9;1,7;0,4;"setosa"
"1357";4,6;3,4;1,4;0,3;"setosa"
"1358";5;3,4;1,5;0,2;"setosa"
"1359";4,4;2,9;1,4;0,2;"setosa"
"1360";4,9;3,1;1,5;0,1;"setosa"
"1361";5,4;3,7;1,5;0,2;"setosa"
"1362";4,8;3,4;1,6;0,2;"setosa"
"1363";4,8;3;1,4;0,1;"setosa"
"1364";4,3;3;1,1;0,1;"setosa"
"1365";5,8;4;1,2;0,2;"setosa"
"1366";5,7;4,4;1,5;0,4;"setosa"
"1367";5,4;3,9;1,3;0,4;"setosa"
"1368";5,1;3,5;1,4;0,3;"setosa"
"1369";5,7;3,8;1,7;0,3;"setosa"
"1370";5,1;3,8;1,5;0,3;"setosa"
"1371";5,4;3,4;1,7;0,2;"setosa"
"1372";5,1;3,7;1,5;0,4;"setosa"
"1373";4,6;3,6;1;0,2;"setosa"
"1374";5,1;3,3;1,7;0,5;"setosa"
"1375";4,8;3,4;1,9;0,2;"setosa"
"1376";5;3;1,6;0,2;"setosa"
"1377";5;3,4;1,6;0,4;"setosa"
"1378";5,2;3,5;1,5;0,2;"setosa"
"1379";5,2;3,4;1,4;0,2;"setosa"
"1380";4,7;3,2;1,6;0,2;"setosa"
"1381";4,8;3,1;1,6;0,2;"setosa"
"1382";5,4;3,4;1,5;0,4;"setosa"
"1383";5,2;4,1;1,5;0,1;"setosa"
"1384";5,5;4,2;1,4;0,2;"setosa"
"1385";4,9;3,1;1,5;0,2;"setosa"
"1386";5;3,2;1,2;0,2;"setosa"
"1387";5,5;3,5;1,3;0,2;"setosa"
"1388";4,9;3,6;1,4;0,1;"setosa"
"1389";4,4;3;1,3;0,2;"setosa"
"1390";5,1;3,4;1,5;0,2;"setosa"
"1391";5;3,5;1,3;0,3;"setosa"
"1392";4,5;2,3;1,3;0,3;"setosa"
"1393";4,4;3,2;1,3;0,2;"setosa"
"1394";5;3,5;1,6;0,6;"setosa"
"1395";5,1;3,8;1,9;0,4;"setosa"
"1396";4,8;3;1,4;0,3;"setosa"
"1397";5,1;3,8;1,6;0,2;"setosa"
"1398";4,6;3,2;1,4;0,2;"setosa"
"1399";5,3;3,7;1,5;0,2;"setosa"
"1400";5;3,3;1,4;0,2;"setosa"
"1401";7;3,2;4,7;1,4;"versicolor"
"1402";6,4;3,2;4,5;1,5;"versicolor"
"1403";6,9;3,1;4,9;1,5;"versicolor"
"1404";5,5;2,3;4;1,3;"versicolor"
"1405";6,5;2,8;4,6;1,5;"versicolor"
"1406";5,7;2,8;4,5;1,3;"versicolor"
"1407";6,3;3,3;4,7;1,6;"versicolor"
"1408";4,9;2,4;3,3;1;"versicolor"
"1409";6,6;2,9;4,6;1,3;"versicolor"
"1410";5,2;2,7;3,9;1,4;"versicolor"
"1411";5;2;3,5;1;"versicolor"
"1412";5,9;3;4,2;1,5;"versicolor"
"1413";6;2,2;4;1;"versicolor"
"1414";6,1;2,9;4,7;1,4;"versicolor"
"1415";5,6;2,9;3,6;1,3;"versicolor"
"1416";6,7;3,1;4,4;1,4;"versicolor"
"1417";5,6;3;4,5;1,5;"versicolor"
"1418";5,8;2,7;4,1;1;"versicolor"
"1419";6,2;2,2;4,5;1,5;"versicolor"
"1420";5,6;2,5;3,9;1,1;"versicolor"
"1421";5,9;3,2;4,8;1,8;"versicolor"
"1422";6,1;2,8;4;1,3;"versicolor"
"1423";6,3;2,5;4,9;1,5;"versicolor"
"1424";6,1;2,8;4,7;1,2;"versicolor"
"1425";6,4;2,9;4,3;1,3;"versicolor"
"1426";6,6;3;4,4;1,4;"versicolor"
"1427";6,8;2,8;4,8;1,4;"versicolor"
"1428";6,7;3;5;1,7;"versicolor"
"1429";6;2,9;4,5;1,5;"versicolor"
"1430";5,7;2,6;3,5;1;"versicolor"
"1431";5,5;2,4;3,8;1,1;"versicolor"
"1432";5,5;2,4;3,7;1;"versicolor"
"1433";5,8;2,7;3,9;1,2;"versicolor"
"1434";6;2,7;5,1;1,6;"versicolor"
"1435";5,4;3;4,5;1,5;"versicolor"
"1436";6;3,4;4,5;1,6;"versicolor"
"1437";6,7;3,1;4,7;1,5;"versicolor"
"1438";6,3;2,3;4,4;1,3;"versicolor"
"1439";5,6;3;4,1;1,3;"versicolor"
"1440";5,5;2,5;4;1,3;"versicolor"
"1441";5,5;2,6;4,4;1,2;"versicolor"
"1442";6,1;3;4,6;1,4;"versicolor"
"1443";5,8;2,6;4;1,2;"versicolor"
"1444";5;2,3;3,3;1;"versicolor"
"1445";5,6;2,7;4,2;1,3;"versicolor"
"1446";5,7;3;4,2;1,2;"versicolor"
"1447";5,7;2,9;4,2;1,3;"versicolor"
"1448";6,2;2,9;4,3;1,3;"versicolor"
"1449";5,1;2,5;3;1,1;"versicolor"
"1450";5,7;2,8;4,1;1,3;"versicolor"
"1451";6,3;3,3;6;2,5;"virginica"
"1452";5,8;2,7;5,1;1,9;"virginica"
"1453";7,1;3;5,9;2,1;"virginica"
"1454";6,3;2,9;5,6;1,8;"virginica"
"1455";6,5;3;5,8;2,2;"virginica"
"1456";7,6;3;6,6;2,1;"virginica"
"1457";4,9;2,5;4,5;1,7;"virginica"
"1458";7,3;2,9;6,3;1,8;"virginica"
"1459";6,7;2,5;5,8;1,8;"virginica"
"1460";7,2;3,6;6,1;2,5;"virginica"
"1461";6,5;3,2;5,1;2;"virginica"
"1462";6,4;2,7;5,3;1,9;"virginica"
"1463";6,8;3;5,5;2,1;"virginica"
"1464";5,7;2,5;5;2;"virginica"
"1465";5,8;2,8;5,1;2,4;"virginica"
"1466";6,4;3,2;5,3;2,3;"virginica"
"1467";6,5;3;5,5;1,8;"virginica"
"1468";7,7;3,8;6,7;2,2;"virginica"
"1469";7,7;2,6;6,9;2,3;"virginica"
"1470";6;2,2;5;1,5;"virginica"
"1471";6,9;3,2;5,7;2,3;"virginica"
"1472";5,6;2,8;4,9;2;"virginica"
"1473";7,7;2,8;6,7;2;"virginica"
"1474";6,3;2,7;4,9;1,8;"virginica"
"1475";6,7;3,3;5,7;2,1;"virginica"
"1476";7,2;3,2;6;1,8;"virginica"
"1477";6,2;2,8;4,8;1,8;"virginica"
"1478";6,1;3;4,9;1,8;"virginica"
"1479";6,4;2,8;5,6;2,1;"virginica"
"1480";7,2;3;5,8;1,6;"virginica"
"1481";7,4;2,8;6,1;1,9;"virginica"
"1482";7,9;3,8;6,4;2;"virginica"
"1483";6,4;2,8;5,6;2,2;"virginica"
"1484";6,3;2,8;5,1;1,5;"virginica"
"1485";6,1;2,6;5,6;1,4;"virginica"
"1486";7,7;3;6,1;2,3;"virginica"
"1487";6,3;3,4;5,6;2,4;"virginica"
"1488";6,4;3,1;5,5;1,8;"virginica"
"1489";6;3;4,8;1,8;"virginica"
"1490";6,9;3,1;5,4;2,1;"virginica"
"1491";6,7;3,1;5,6;2,4;"virginica"
"1492";6,9;3,1;5,1;2,3;"virginica"
"1493";5,8;2,7;5,1;1,9;"virginica"
"1494";6,8;3,2;5,9;2,3;"virginica"
"1495";6,7;3,3;5,7;2,5;"virginica"
"1496";6,7;3;5,2;2,3;"virginica"
"1497";6,3;2,5;5;1,9;"virginica"
"1498";6,5;3;5,2;2;"virginica"
"1499";6,2;3,4;5,4;2,3;"virginica"
"1500";5,9;3;5,1;1,8;"virginica"
"1501";5,1;3,5;1,4;0,2;"setosa"
"1502";4,9;3;1,4;0,2;"setosa"
"1503";4,7;3,2;1,3;0,2;"setosa"
"1504";4,6;3,1;1,5;0,2;"setosa"
"1505";5;3,6;1,4;0,2;"setosa"
"1506";5,4;3,9;1,7;0,4;"setosa"
"1507";4,6;3,4;1,4;0,3;"setosa"
"1508";5;3,4;1,5;0,2;"setosa"
"1509";4,4;2,9;1,4;0,2;"setosa"
"1510";4,9;3,1;1,5;0,1;"setosa"
"1511";5,4;3,7;1,5;0,2;"setosa"
"1512";4,8;3,4;1,6;0,2;"setosa"
"1513";4,8;3;1,4;0,1;"setosa"
"1514";4,3;3;1,1;0,1;"setosa"
"1515";5,8;4;1,2;0,2;"setosa"
"1516";5,7;4,4;1,5;0,4;"setosa"
"1517";5,4;3,9;1,3;0,4;"setosa"
"1518";5,1;3,5;1,4;0,3;"setosa"
"1519";5,7;3,8;1,7;0,3;"setosa"
"1520";5,1;3,8;1,5;0,3;"setosa"
"1521";5,4;3,4;1,7;0,2;"setosa"
"1522";5,1;3,7;1,5;0,4;"setosa"
"1523";4,6;3,6;1;0,2;"setosa"
"1524";5,1;3,3;1,7;0,5;"setosa"
"1525";4,8;3,4;1,9;0,2;"setosa"
"1526";5;3;1,6;0,2;"setosa"
"1527";5;3,4;1,6;0,4;"setosa"
"1528";5,2;3,5;1,5;0,2;"setosa"
"1529";5,2;3,4;1,4;0,2;"setosa"
"1530";4,7;3,2;1,6;0,2;"setosa"
"1531";4,8;3,1;1,6;0,2;"setosa"
"1532";5,4;3,4;1,5;0,4;"setosa"
"1533";5,2;4,1;1,5;0,1;"setosa"
"1534";5,5;4,2;1,4;0,2;"setosa"
"1535";4,9;3,1;1,5;0,2;"setosa"
"1536";5;3,2;1,2;0,2;"setosa"
"1537";5,5;3,5;1,3;0,2;"setosa"
"1538";4,9;3,6;1,4;0,1;"setosa"
"1539";4,4;3;1,3;0,2;"setosa"
"1540";5,1;3,4;1,5;0,2;"setosa"
"1541";5;3,5;1,3;0,3;"setosa"
"1542";4,5;2,3;1,3;0,3;"setosa"
"1543";4,4;3,2;1,3;0,2;"setosa"
"1544";5;3,5;1,6;0,6;"setosa"
"1545";5,1;3,8;1,9;0,4;"setosa"
"1546";4,8;3;1,4;0,3;"setosa"
"1547";5,1;3,8;1,6;0,2;"setosa"
"1548";4,6;3,2;1,4;0,2;"setosa"
"1549";5,3;3,7;1,5;0,2;"setosa"
"1550";5;3,3;1,4;0,2;"setosa"
"1551";7;3,2;4,7;1,4;"versicolor"
"1552";6,4;3,2;4,5;1,5;"versicolor"
"1553";6,9;3,1;4,9;1,5;"versicolor"
"1554";5,5;2,3;4;1,3;"versicolor"
"1555";6,5;2,8;4,6;1,5;"versicolor"
"1556";5,7;2,8;4,5;1,3;"versicolor"
"1557";6,3;3,3;4,7;1,6;"versicolor"
"1558";4,9;2,4;3,3;1;"versicolor"
"1559";6,6;2,9;4,6;1,3;"versicolor"
"1560";5,2;2,7;3,9;1,4;"versicolor"
"1561";5;2;3,5;1;"versicolor"
"1562";5,9;3;4,2;1,5;"versicolor"
"1563";6;2,2;4;1;"versicolor"
"1564";6,1;2,9;4,7;1,4;"versicolor"
"1565";5,6;2,9;3,6;1,3;"versicolor"
"1566";6,7;3,1;4,4;1,4;"versicolor"
"1567";5,6;3;4,5;1,5;"versicolor"
"1568";5,8;2,7;4,1;1;"versicolor"
"1569";6,2;2,2;4,5;1,5;"versicolor"
"1570";5,6;2,5;3,9;1,1;"versicolor"
"1571";5,9;3,2;4,8;1,8;"versicolor"
"1572";6,1;2,8;4;1,3;"versicolor"
"1573";6,3;2,5;4,9;1,5;"versicolor"
"1574";6,1;2,8;4,7;1,2;"versicolor"
"1575";6,4;2,9;4,3;1,3;"versicolor"
"1576";6,6;3;4,4;1,4;"versicolor"
"1577";6,8;2,8;4,8;1,4;"versicolor"
"1578";6,7;3;5;1,7;"versicolor"
"1579";6;2,9;4,5;1,5;"versicolor"
"1580";5,7;2,6;3,5;1;"versicolor"
"1581";5,5;2,4;3,8;1,1;"versicolor"
"1582";5,5;2,4;3,7;1;"versicolor"
"1583";5,8;2,7;3,9;1,2;"versicolor"
"1584";6;2,7;5,1;1,6;"versicolor"
"1585";5,4;3;4,5;1,5;"versicolor"
"1586";6;3,4;4,5;1,6;"versicolor"
"1587";6,7;3,1;4,7;1,5;"versicolor"
"1588";6,3;2,3;4,4;1,3;"versicolor"
"1589";5,6;3;4,1;1,3;"versicolor"
"1590";5,5;2,5;4;1,3;"versicolor"
"1591";5,5;2,6;4,4;1,2;"versicolor"
"1592";6,1;3;4,6;1,4;"versicolor"
"1593";5,8;2,6;4;1,2;"versicolor"
"1594";5;2,3;3,3;1;"versicolor"
"1595";5,6;2,7;4,2;1,3;"versicolor"
"1596";5,7;3;4,2;1,2;"versicolor"
"1597";5,7;2,9;4,2;1,3;"versicolor"
"1598";6,2;2,9;4,3;1,3;"versicolor"
"1599";5,1;2,5;3;1,1;"versicolor"
"1600";5,7;2,8;4,1;1,3;"versicolor"
"1601";6,3;3,3;6;2,5;"virginica"
"1602";5,8;2,7;5,1;1,9;"virginica"
"1603";7,1;3;5,9;2,1;"virginica"
"1604";6,3;2,9;5,6;1,8;"virginica"
"1605";6,5;3;5,8;2,2;"virginica"
"1606";7,6;3;6,6;2,1;"virginica"
"1607";4,9;2,5;4,5;1,7;"virginica"
"1608";7,3;2,9;6,3;1,8;"virginica"
"1609";6,7;2,5;5,8;1,8;"virginica"
"1610";7,2;3,6;6,1;2,5;"virginica"
"1611";6,5;3,2;5,1;2;"virginica"
"1612";6,4;2,7;5,3;1,9;"virginica"
"1613";6,8;3;5,5;2,1;"virginica"
"1614";5,7;2,5;5;2;"virginica"
"1615";5,8;2,8;5,1;2,4;"virginica"
"1616";6,4;3,2;5,3;2,3;"virginica"
"1617";6,5;3;5,5;1,8;"virginica"
"1618";7,7;3,8;6,7;2,2;"virginica"
"1619";7,7;2,6;6,9;2,3;"virginica"
"1620";6;2,2;5;1,5;"virginica"
"1621";6,9;3,2;5,7;2,3;"virginica"
"1622";5,6;2,8;4,9;2;"virginica"
"1623";7,7;2,8;6,7;2;"virginica"
"1624";6,3;2,7;4,9;1,8;"virginica"
"1625";6,7;3,3;5,7;2,1;"virginica"
"1626";7,2;3,2;6;1,8;"virginica"
"1627";6,2;2,8;4,8;1,8;"virginica"
"1628";6,1;3;4,9;1,8;"virginica"
"1629";6,4;2,8;5,6;2,1;"virginica"
"1630";7,2;3;5,8;1,6;"virginica"
"1631";7,4;2,8;6,1;1,9;"virginica"
"1632";7,9;3,8;6,4;2;"virginica"
"1633";6,4;2,8;5,6;2,2;"virginica"
"1634";6,3;2,8;5,1;1,5;"virginica"
"1635";6,1;2,6;5,6;1,4;"virginica"
"1636";7,7;3;6,1;2,3;"virginica"
"1637";6,3;3,4;5,6;2,4;"virginica"
"1638";6,4;3,1;5,5;1,8;"virginica"
"1639";6;3;4,8;1,8;"virginica"
"1640";6,9;3,1;5,4;2,1;"virginica"
"1641";6,7;3,1;5,6;2,4;"virginica"
"1642";6,9;3,1;5,1;2,3;"virginica"
"1643";5,8;2,7;5,1;1,9;"virginica"
"1644";6,8;3,2;5,9;2,3;"virginica"
"1645";6,7;3,3;5,7;2,5;"virginica"
"1646";6,7;3;5,2;2,3;"virginica"
"1647";6,3;2,5;5;1,9;"virginica"
"1648";6,5;3;5,2;2;"virginica"
"1649";6,2;3,4;5,4;2,3;"virginica"
"1650";5,9;3;5,1;1,8;"virginica"
"1651";5,1;3,5;1,4;0,2;"setosa"
"1652";4,9;3;1,4;0,2;"setosa"
"1653";4,7;3,2;1,3;0,2;"setosa"
"1654";4,6;3,1;1,5;0,2;"setosa"
"1655";5;3,6;1,4;0,2;"setosa"
"1656";5,4;3,9;1,7;0,4;"setosa"
"1657";4,6;3,4;1,4;0,3;"setosa"
"1658";5;3,4;1,5;0,2;"setosa"
"1659";4,4;2,9;1,4;0,2;"setosa"
"1660";4,9;3,1;1,5;0,1;"setosa"
"1661";5,4;3,7;1,5;0,2;"setosa"
"1662";4,8;3,4;1,6;0,2;"setosa"
"1663";4,8;3;1,4;0,1;"setosa"
"1664";4,3;3;1,1;0,1;"setosa"
"1665";5,8;4;1,2;0,2;"setosa"
"1666";5,7;4,4;1,5;0,4;"setosa"
"1667";5,4;3,9;1,3;0,4;"setosa"
"1668";5,1;3,5;1,4;0,3;"setosa"
"1669";5,7;3,8;1,7;0,3;"setosa"
"1670";5,1;3,8;1,5;0,3;"setosa"
"1671";5,4;3,4;1,7;0,2;"setosa"
"1672";5,1;3,7;1,5;0,4;"setosa"
"1673";4,6;3,6;1;0,2;"setosa"
"1674";5,1;3,3;1,7;0,5;"setosa"
"1675";4,8;3,4;1,9;0,2;"setosa"
"1676";5;3;1,6;0,2;"setosa"
"1677";5;3,4;1,6;0,4;"setosa"
"1678";5,2;3,5;1,5;0,2;"setosa"
"1679";5,2;3,4;1,4;0,2;"setosa"
"1680";4,7;3,2;1,6;0,2;"setosa"
"1681";4,8;3,1;1,6;0,2;"setosa"
"1682";5,4;3,4;1,5;0,4;"setosa"
"1683";5,2;4,1;1,5;0,1;"setosa"
"1684";5,5;4,2;1,4;0,2;"setosa"
"1685";4,9;3,1;1,5;0,2;"setosa"
"1686";5;3,2;1,2;0,2;"setosa"
"1687";5,5;3,5;1,3;0,2;"setosa"
"1688";4,9;3,6;1,4;0,1;"setosa"
"1689";4,4;3;1,3;0,2;"setosa"
"1690";5,1;3,4;1,5;0,2;"setosa"
"1691";5;3,5;1,3;0,3;"setosa"
"1692";4,5;2,3;1,3;0,3;"setosa"
"1693";4,4;3,2;1,3;0,2;"setosa"
"1694";5;3,5;1,6;0,6;"setosa"
"1695";5,1;3,8;1,9;0,4;"setosa"
"1696";4,8;3;1,4;0,3;"setosa"
"1697";5,1;3,8;1,6;0,2;"setosa"
"1698";4,6;3,2;1,4;0,2;"setosa"
"1699";5,3;3,7;1,5;0,2;"setosa"
"1700";5;3,3;1,4;0,2;"setosa"
"1701";7;3,2;4,7;1,4;"versicolor"
"1702";6,4;3,2;4,5;1,5;"versicolor"
"1703";6,9;3,1;4,9;1,5;"versicolor"
"1704";5,5;2,3;4;1,3;"versicolor"
"1705";6,5;2,8;4,6;1,5;"versicolor"
"1706";5,7;2,8;4,5;1,3;"versicolor"
"1707";6,3;3,3;4,7;1,6;"versicolor"
"1708";4,9;2,4;3,3;1;"versicolor"
"1709";6,6;2,9;4,6;1,3;"versicolor"
"1710";5,2;2,7;3,9;1,4;"versicolor"
"1711";5;2;3,5;1;"versicolor"
"1712";5,9;3;4,2;1,5;"versicolor"
"1713";6;2,2;4;1;"versicolor"
"1714";6,1;2,9;4,7;1,4;"versicolor"
"1715";5,6;2,9;3,6;1,3;"versicolor"
"1716";6,7;3,1;4,4;1,4;"versicolor"
"1717";5,6;3;4,5;1,5;"versicolor"
"1718";5,8;2,7;4,1;1;"versicolor"
"1719";6,2;2,2;4,5;1,5;"versicolor"
"1720";5,6;2,5;3,9;1,1;"versicolor"
"1721";5,9;3,2;4,8;1,8;"versicolor"
"1722";6,1;2,8;4;1,3;"versicolor"
"1723";6,3;2,5;4,9;1,5;"versicolor"
"1724";6,1;2,8;4,7;1,2;"versicolor"
"1725";6,4;2,9;4,3;1,3;"versicolor"
"1726";6,6;3;4,4;1,4;"versicolor"
"1727";6,8;2,8;4,8;1,4;"versicolor"
"1728";6,7;3;5;1,7;"versicolor"
"1729";6;2,9;4,5;1,5;"versicolor"
"1730";5,7;2,6;3,5;1;"versicolor"
"1731";5,5;2,4;3,8;1,1;"versicolor"
"1732";5,5;2,4;3,7;1;"versicolor"
"1733";5,8;2,7;3,9;1,2;"versicolor"
"1734";6;2,7;5,1;1,6;"versicolor"
"1735";5,4;3;4,5;1,5;"versicolor"
"1736";6;3,4;4,5;1,6;"versicolor"
"1737";6,7;3,1;4,7;1,5;"versicolor"
"1738";6,3;2,3;4,4;1,3;"versicolor"
"1739";5,6;3;4,1;1,3;"versicolor"
"1740";5,5;2,5;4;1,3;"versicolor"
"1741";5,5;2,6;4,4;1,2;"versicolor"
"1742";6,1;3;4,6;1,4;"versicolor"
"1743";5,8;2,6;4;1,2;"versicolor"
"1744";5;2,3;3,3;1;"versicolor"
"1745";5,6;2,7;4,2;1,3;"versicolor"
"1746";5,7;3;4,2;1,2;"versicolor"
"1747";5,7;2,9;4,2;1,3;"versicolor"
"1748";6,2;2,9;4,3;1,3;"versicolor"
"1749";5,1;2,5;3;1,1;"versicolor"
"1750";5,7;2,8;4,1;1,3;"versicolor"
"1751";6,3;3,3;6;2,5;"virginica"
"1752";5,8;2,7;5,1;1,9;"virginica"
"1753";7,1;3;5,9;2,1;"virginica"
"1754";6,3;2,9;5,6;1,8;"virginica"
"1755";6,5;3;5,8;2,2;"virginica"
"1756";7,6;3;6,6;2,1;"virginica"
"1757";4,9;2,5;4,5;1,7;"virginica"
"1758";7,3;2,9;6,3;1,8;"virginica"
"1759";6,7;2,5;5,8;1,8;"virginica"
"1760";7,2;3,6;6,1;2,5;"virginica"
"1761";6,5;3,2;5,1;2;"virginica"
"1762";6,4;2,7;5,3;1,9;"virginica"
"1763";6,8;3;5,5;2,1;"virginica"
"1764";5,7;2,5;5;2;"virginica"
"1765";5,8;2,8;5,1;2,4;"virginica"
"1766";6,4;3,2;5,3;2,3;"virginica"
"1767";6,5;3;5,5;1,8;"virginica"
"1768";7,7;3,8;6,7;2,2;"virginica"
"1769";7,7;2,6;6,9;2,3;"virginica"
"1770";6;2,2;5;1,5;"virginica"
"1771";6,9;3,2;5,7;2,3;"virginica"
"1772";5,6;2,8;4,9;2;"virginica"
"1773";7,7;2,8;6,7;2;"virginica"
"1774";6,3;2,7;4,9;1,8;"virginica"
"1775";6,7;3,3;5,7;2,1;"virginica"
"1776";7,2;3,2;6;1,8;"virginica"
"1777";6,2;2,8;4,8;1,8;"virginica"
"1778";6,1;3;4,9;1,8;"virginica"
"1779";6,4;2,8;5,6;2,1;"virginica"
"1780";7,2;3;5,8;1,6;"virginica"
"1781";7,4;2,8;6,1;1,9;"virginica"
"1782";7,9;3,8;6,4;2;"virginica"
"1783";6,4;2,8;5,6;2,2;"virginica"
"1784";6,3;2,8;5,1;1,5;"virginica"
"1785";6,1;2,6;5,6;1,4;"virginica"
"1786";7,7;3;6,1;2,3;"virginica"
"1787";6,3;3,4;5,6;2,4;"virginica"
"1788";6,4;3,1;5,5;1,8;"virginica"
"1789";6;3;4,8;1,8;"virginica"
"1790";6,9;3,1;5,4;2,1;"virginica"
"1791";6,7;3,1;5,6;2,4;"virginica"
"1792";6,9;3,1;5,1;2,3;"virginica"
"1793";5,8;2,7;5,1;1,9;"virginica"
"1794";6,8;3,2;5,9;2,3;"virginica"
"1795";6,7;3,3;5,7;2,5;"virginica"
"1796";6,7;3;5,2;2,3;"virginica"
"1797";6,3;2,5;5;1,9;"virginica"
"1798";6,5;3;5,2;2;"virginica"
"1799";6,2;3,4;5,4;2,3;"virginica"
"1800";5,9;3;5,1;1,8;"virginica"
"1801";5,1;3,5;1,4;0,2;"setosa"
"1802";4,9;3;1,4;0,2;"setosa"
"1803";4,7;3,2;1,3;0,2;"setosa"
"1804";4,6;3,1;1,5;0,2;"setosa"
"1805";5;3,6;1,4;0,2;"setosa"
"1806";5,4;3,9;1,7;0,4;"setosa"
"1807";4,6;3,4;1,4;0,3;"setosa"
"1808";5;3,4;1,5;0,2;"setosa"
"1809";4,4;2,9;1,4;0,2;"setosa"
"1810";4,9;3,1;1,5;0,1;"setosa"
"1811";5,4;3,7;1,5;0,2;"setosa"
"1812";4,8;3,4;1,6;0,2;"setosa"
"1813";4,8;3;1,4;0,1;"setosa"
"1814";4,3;3;1,1;0,1;"setosa"
"1815";5,8;4;1,2;0,2;"setosa"
"1816";5,7;4,4;1,5;0,4;"setosa"
"1817";5,4;3,9;1,3;0,4;"setosa"
"1818";5,1;3,5;1,4;0,3;"setosa"
"1819";5,7;3,8;1,7;0,3;"setosa"
"1820";5,1;3,8;1,5;0,3;"setosa"
"1821";5,4;3,4;1,7;0,2;"setosa"
"1822";5,1;3,7;1,5;0,4;"setosa"
"1823";4,6;3,6;1;0,2;"setosa"
"1824";5,1;3,3;1,7;0,5;"setosa"
"1825";4,8;3,4;1,9;0,2;"setosa"
"1826";5;3;1,6;0,2;"setosa"
"1827";5;3,4;1,6;0,4;"setosa"
"1828";5,2;3,5;1,5;0,2;"setosa"
"1829";5,2;3,4;1,4;0,2;"setosa"
"1830";4,7;3,2;1,6;0,2;"setosa"
"1831";4,8;3,1;1,6;0,2;"setosa"
"1832";5,4;3,4;1,5;0,4;"setosa"
"1833";5,2;4,1;1,5;0,1;"setosa"
"1834";5,5;4,2;1,4;0,2;"setosa"
"1835";4,9;3,1;1,5;0,2;"setosa"
"1836";5;3,2;1,2;0,2;"setosa"
"1837";5,5;3,5;1,3;0,2;"setosa"
"1838";4,9;3,6;1,4;0,1;"setosa"
"1839";4,4;3;1,3;0,2;"setosa"
"1840";5,1;3,4;1,5;0,2;"setosa"
"1841";5;3,5;1,3;0,3;"setosa"
"1842";4,5;2,3;1,3;0,3;"setosa"
"1843";4,4;3,2;1,3;0,2;"setosa"
"1844";5;3,5;1,6;0,6;"setosa"
"1845";5,1;3,8;1,9;0,4;"setosa"
"1846";4,8;3;1,4;0,3;"setosa"
"1847";5,1;3,8;1,6;0,2;"setosa"
"1848";4,6;3,2;1,4;0,2;"setosa"
"1849";5,3;3,7;1,5;0,2;"setosa"
"1850";5;3,3;1,4;0,2;"setosa"
"1851";7;3,2;4,7;1,4;"versicolor"
"1852";6,4;3,2;4,5;1,5;"versicolor"
"1853";6,9;3,1;4,9;1,5;"versicolor"
"1854";5,5;2,3;4;1,3;"versicolor"
"1855";6,5;2,8;4,6;1,5;"versicolor"
"1856";5,7;2,8;4,5;1,3;"versicolor"
"1857";6,3;3,3;4,7;1,6;"versicolor"
"1858";4,9;2,4;3,3;1;"versicolor"
"1859";6,6;2,9;4,6;1,3;"versicolor"
"1860";5,2;2,7;3,9;1,4;"versicolor"
"1861";5;2;3,5;1;"versicolor"
"1862";5,9;3;4,2;1,5;"versicolor"
"1863";6;2,2;4;1;"versicolor"
"1864";6,1;2,9;4,7;1,4;"versicolor"
"1865";5,6;2,9;3,6;1,3;"versicolor"
"1866";6,7;3,1;4,4;1,4;"versicolor"
"1867";5,6;3;4,5;1,5;"versicolor"
"1868";5,8;2,7;4,1;1;"versicolor"
"1869";6,2;2,2;4,5;1,5;"versicolor"
"1870";5,6;2,5;3,9;1,1;"versicolor"
"1871";5,9;3,2;4,8;1,8;"versicolor"
"1872";6,1;2,8;4;1,3;"versicolor"
"1873";6,3;2,5;4,9;1,5;"versicolor"
"1874";6,1;2,8;4,7;1,2;"versicolor"
"1875";6,4;2,9;4,3;1,3;"versicolor"
"1876";6,6;3;4,4;1,4;"versicolor"
"1877";6,8;2,8;4,8;1,4;"versicolor"
"1878";6,7;3;5;1,7;"versicolor"
"1879";6;2,9;4,5;1,5;"versicolor"
"1880";5,7;2,6;3,5;1;"versicolor"
"1881";5,5;2,4;3,8;1,1;"versicolor"
"1882";5,5;2,4;3,7;1;"versicolor"
"1883";5,8;2,7;3,9;1,2;"versicolor"
"1884";6;2,7;5,1;1,6;"versicolor"
"1885";5,4;3;4,5;1,5;"versicolor"
"1886";6;3,4;4,5;1,6;"versicolor"
"1887";6,7;3,1;4,7;1,5;"versicolor"
"1888";6,3;2,3;4,4;1,3;"versicolor"
"1889";5,6;3;4,1;1,3;"versicolor"
"1890";5,5;2,5;4;1,3;"versicolor"
"1891";5,5;2,6;4,4;1,2;"versicolor"
"1892";6,1;3;4,6;1,4;"versicolor"
"1893";5,8;2,6;4;1,2;"versicolor"
"1894";5;2,3;3,3;1;"versicolor"
"1895";5,6;2,7;4,2;1,3;"versicolor"
"1896";5,7;3;4,2;1,2;"versicolor"
"1897";5,7;2,9;4,2;1,3;"versicolor"
"1898";6,2;2,9;4,3;1,3;"versicolor"
"1899";5,1;2,5;3;1,1;"versicolor"
"1900";5,7;2,8;4,1;1,3;"versicolor"
"1901";6,3;3,3;6;2,5;"virginica"
"1902";5,8;2,7;5,1;1,9;"virginica"
"1903";7,1;3;5,9;2,1;"virginica"
"1904";6,3;2,9;5,6;1,8;"virginica"
"1905";6,5;3;5,8;2,2;"virginica"
"1906";7,6;3;6,6;2,1;"virginica"
"1907";4,9;2,5;4,5;1,7;"virginica"
"1908";7,3;2,9;6,3;1,8;"virginica"
"1909";6,7;2,5;5,8;1,8;"virginica"
"1910";7,2;3,6;6,1;2,5;"virginica"
"1911";6,5;3,2;5,1;2;"virginica"
"1912";6,4;2,7;5,3;1,9;"virginica"
"1913";6,8;3;5,5;2,1;"virginica"
"1914";5,7;2,5;5;2;"virginica"
"1915";5,8;2,8;5,1;2,4;"virginica"
"1916";6,4;3,2;5,3;2,3;"virginica"
"1917";6,5;3;5,5;1,8;"virginica"
"1918";7,7;3,8;6,7;2,2;"virginica"
"1919";7,7;2,6;6,9;2,3;"virginica"
"1920";6;2,2;5;1,5;"virginica"
"1921";6,9;3,2;5,7;2,3;"virginica"
"1922";5,6;2,8;4,9;2;"virginica"
"1923";7,7;2,8;6,7;2;"virginica"
"1924";6,3;2,7;4,9;1,8;"virginica"
"1925";6,7;3,3;5,7;2,1;"virginica"
"1926";7,2;3,2;6;1,8;"virginica"
"1927";6,2;2,8;4,8;1,8;"virginica"
"1928";6,1;3;4,9;1,8;"virginica"
"1929";6,4;2,8;5,6;2,1;"virginica"
"1930";7,2;3;5,8;1,6;"virginica"
"1931";7,4;2,8;6,1;1,9;"virginica"
"1932";7,9;3,8;6,4;2;"virginica"
"1933";6,4;2,8;5,6;2,2;"virginica"
"1934";6,3;2,8;5,1;1,5;"virginica"
"1935";6,1;2,6;5,6;1,4;"virginica"
"1936";7,7;3;6,1;2,3;"virginica"
"1937";6,3;3,4;5,6;2,4;"virginica"
"1938";6,4;3,1;5,5;1,8;"virginica"
"1939";6;3;4,8;1,8;"virginica"
"1940";6,9;3,1;5,4;2,1;"virginica"
"1941";6,7;3,1;5,6;2,4;"virginica"
"1942";6,9;3,1;5,1;2,3;"virginica"
"1943";5,8;2,7;5,1;1,9;"virginica"
"1944";6,8;3,2;5,9;2,3;"virginica"
"1945";6,7;3,3;5,7;2,5;"virginica"
"1946";6,7;3;5,2;2,3;"virginica"
"1947";6,3;2,5;5;1,9;"virginica"
"1948";6,5;3;5,2;2;"virginica"
"1949";6,2;3,4;5,4;2,3;"virginica"
"1950";5,9;3;5,1;1,8;"virginica"
"1951";5,1;3,5;1,4;0,2;"setosa"
"1952";4,9;3;1,4;0,2;"setosa"
"1953";4,7;3,2;1,3;0,2;"setosa"
"1954";4,6;3,1;1,5;0,2;"setosa"
"1955";5;3,6;1,4;0,2;"setosa"
"1956";5,4;3,9;1,7;0,4;"setosa"
"1957";4,6;3,4;1,4;0,3;"setosa"
"1958";5;3,4;1,5;0,2;"setosa"
"1959";4,4;2,9;1,4;0,2;"setosa"
"1960";4,9;3,1;1,5;0,1;"setosa"
"1961";5,4;3,7;1,5;0,2;"setosa"
"1962";4,8;3,4;1,6;0,2;"setosa"
"1963";4,8;3;1,4;0,1;"setosa"
"1964";4,3;3;1,1;0,1;"setosa"
"1965";5,8;4;1,2;0,2;"setosa"
"1966";5,7;4,4;1,5;0,4;"setosa"
"1967";5,4;3,9;1,3;0,4;"setosa"
"1968";5,1;3,5;1,4;0,3;"setosa"
"1969";5,7;3,8;1,7;0,3;"setosa"
"1970";5,1;3,8;1,5;0,3;"setosa"
"1971";5,4;3,4;1,7;0,2;"setosa"
"1972";5,1;3,7;1,5;0,4;"setosa"
"1973";4,6;3,6;1;0,2;"setosa"
"1974";5,1;3,3;1,7;0,5;"setosa"
"1975";4,8;3,4;1,9;0,2;"setosa"
"1976";5;3;1,6;0,2;"setosa"
"1977";5;3,4;1,6;0,4;"setosa"
"1978";5,2;3,5;1,5;0,2;"setosa"
"1979";5,2;3,4;1,4;0,2;"setosa"
"1980";4,7;3,2;1,6;0,2;"setosa"
"1981";4,8;3,1;1,6;0,2;"setosa"
"1982";5,4;3,4;1,5;0,4;"setosa"
"1983";5,2;4,1;1,5;0,1;"setosa"
"1984";5,5;4,2;1,4;0,2;"setosa"
"1985";4,9;3,1;1,5;0,2;"setosa"
"1986";5;3,2;1,2;0,2;"setosa"
"1987";5,5;3,5;1,3;0,2;"setosa"
"1988";4,9;3,6;1,4;0,1;"setosa"
"1989";4,4;3;1,3;0,2;"setosa"
"1990";5,1;3,4;1,5;0,2;"setosa"
"1991";5;3,5;1,3;0,3;"setosa"
"1992";4,5;2,3;1,3;0,3;"setosa"
"1993";4,4;3,2;1,3;0,2;"setosa"
"1994";5;3,5;1,6;0,6;"setosa"
"1995";5,1;3,8;1,9;0,4;"setosa"
"1996";4,8;3;1,4;0,3;"setosa"
"1997";5,1;3,8;1,6;0,2;"setosa"
"1998";4,6;3,2;1,4;0,2;"setosa"
"1999";5,3;3,7;1,5;0,2;"setosa"
"2000";5;3,3;1,4;0,2;"setosa"
"2001";7;3,2;4,7;1,4;"versicolor"
"2002";6,4;3,2;4,5;1,5;"versicolor"
"2003";6,9;3,1;4,9;1,5;"versicolor"
"2004";5,5;2,3;4;1,3;"versicolor"
"2005";6,5;2,8;4,6;1,5;"versicolor"
"2006";5,7;2,8;4,5;1,3;"versicolor"
"2007";6,3;3,3;4,7;1,6;"versicolor"
"2008";4,9;2,4;3,3;1;"versicolor"
"2009";6,6;2,9;4,6;1,3;"versicolor"
"2010";5,2;2,7;3,9;1,4;"versicolor"
"2011";5;2;3,5;1;"versicolor"
"2012";5,9;3;4,2;1,5;"versicolor"
"2013";6;2,2;4;1;"versicolor"
"2014";6,1;2,9;4,7;1,4;"versicolor"
"2015";5,6;2,9;3,6;1,3;"versicolor"
"2016";6,7;3,1;4,4;1,4;"versicolor"
"2017";5,6;3;4,5;1,5;"versicolor"
"2018";5,8;2,7;4,1;1;"versicolor"
"2019";6,2;2,2;4,5;1,5;"versicolor"
"2020";5,6;2,5;3,9;1,1;"versicolor"
"2021";5,9;3,2;4,8;1,8;"versicolor"
"2022";6,1;2,8;4;1,3;"versicolor"
"2023";6,3;2,5;4,9;1,5;"versicolor"
"2024";6,1;2,8;4,7;1,2;"versicolor"
"2025";6,4;2,9;4,3;1,3;"versicolor"
"2026";6,6;3;4,4;1,4;"versicolor"
"2027";6,8;2,8;4,8;1,4;"versicolor"
"2028";6,7;3;5;1,7;"versicolor"
"2029";6;2,9;4,5;1,5;"versicolor"
"2030";5,7;2,6;3,5;1;"versicolor"
"2031";5,5;2,4;3,8;1,1;"versicolor"
"2032";5,5;2,4;3,7;1;"versicolor"
"2033";5,8;2,7;3,9;1,2;"versicolor"
"2034";6;2,7;5,1;1,6;"versicolor"
"2035";5,4;3;4,5;1,5;"versicolor"
"2036";6;3,4;4,5;1,6;"versicolor"
"2037";6,7;3,1;4,7;1,5;"versicolor"
"2038";6,3;2,3;4,4;1,3;"versicolor"
"2039";5,6;3;4,1;1,3;"versicolor"
"2040";5,5;2,5;4;1,3;"versicolor"
"2041";5,5;2,6;4,4;1,2;"versicolor"
"2042";6,1;3;4,6;1,4;"versicolor"
"2043";5,8;2,6;4;1,2;"versicolor"
"2044";5;2,3;3,3;1;"versicolor"
"2045";5,6;2,7;4,2;1,3;"versicolor"
"2046";5,7;3;4,2;1,2;"versicolor"
"2047";5,7;2,9;4,2;1,3;"versicolor"
"2048";6,2;2,9;4,3;1,3;"versicolor"
"2049";5,1;2,5;3;1,1;"versicolor"
"2050";5,7;2,8;4,1;1,3;"versicolor"
"2051";6,3;3,3;6;2,5;"virginica"
"2052";5,8;2,7;5,1;1,9;"virginica"
"2053";7,1;3;5,9;2,1;"virginica"
"2054";6,3;2,9;5,6;1,8;"virginica"
"2055";6,5;3;5,8;2,2;"virginica"
"2056";7,6;3;6,6;2,1;"virginica"
"2057";4,9;2,5;4,5;1,7;"virginica"
"2058";7,3;2,9;6,3;1,8;"virginica"
"2059";6,7;2,5;5,8;1,8;"virginica"
"2060";7,2;3,6;6,1;2,5;"virginica"
"2061";6,5;3,2;5,1;2;"virginica"
"2062";6,4;2,7;5,3;1,9;"virginica"
"2063";6,8;3;5,5;2,1;"virginica"
"2064";5,7;2,5;5;2;"virginica"
"2065";5,8;2,8;5,1;2,4;"virginica"
"2066";6,4;3,2;5,3;2,3;"virginica"
"2067";6,5;3;5,5;1,8;"virginica"
"2068";7,7;3,8;6,7;2,2;"virginica"
"2069";7,7;2,6;6,9;2,3;"virginica"
"2070";6;2,2;5;1,5;"virginica"
"2071";6,9;3,2;5,7;2,3;"virginica"
"2072";5,6;2,8;4,9;2;"virginica"
"2073";7,7;2,8;6,7;2;"virginica"
"2074";6,3;2,7;4,9;1,8;"virginica"
"2075";6,7;3,3;5,7;2,1;"virginica"
"2076";7,2;3,2;6;1,8;"virginica"
"2077";6,2;2,8;4,8;1,8;"virginica"
"2078";6,1;3;4,9;1,8;"virginica"
"2079";6,4;2,8;5,6;2,1;"virginica"
"2080";7,2;3;5,8;1,6;"virginica"
"2081";7,4;2,8;6,1;1,9;"virginica"
"2082";7,9;3,8;6,4;2;"virginica"
"2083";6,4;2,8;5,6;2,2;"virginica"
"2084";6,3;2,8;5,1;1,5;"virginica"
"2085";6,1;2,6;5,6;1,4;"virginica"
"2086";7,7;3;6,1;2,3;"virginica"
"2087";6,3;3,4;5,6;2,4;"virginica"
"2088";6,4;3,1;5,5;1,8;"virginica"
"2089";6;3;4,8;1,8;"virginica"
"2090";6,9;3,1;5,4;2,1;"virginica"
"2091";6,7;3,1;5,6;2,4;"virginica"
"2092";6,9;3,1;5,1;2,3;"virginica"
"2093";5,8;2,7;5,1;1,9;"virginica"
"2094";6,8;3,2;5,9;2,3;"virginica"
"2095";6,7;3,3;5,7;2,5;"virginica"
"2096";6,7;3;5,2;2,3;"virginica"
"2097";6,3;2,5;5;1,9;"virginica"
"2098";6,5;3;5,2;2;"virginica"
"2099";6,2;3,4;5,4;2,3;"virginica"
"2100";5,9;3;5,1;1,8;"virginica"
"2101";5,1;3,5;1,4;0,2;"setosa"
"2102";4,9;3;1,4;0,2;"setosa"
"2103";4,7;3,2;1,3;0,2;"setosa"
"2104";4,6;3,1;1,5;0,2;"setosa"
"2105";5;3,6;1,4;0,2;"setosa"
"2106";5,4;3,9;1,7;0,4;"setosa"
"2107";4,6;3,4;1,4;0,3;"setosa"
"2108";5;3,4;1,5;0,2;"setosa"
"2109";4,4;2,9;1,4;0,2;"setosa"
"2110";4,9;3,1;1,5;0,1;"setosa"
"2111";5,4;3,7;1,5;0,2;"setosa"
"2112";4,8;3,4;1,6;0,2;"setosa"
"2113";4,8;3;1,4;0,1;"setosa"
"2114";4,3;3;1,1;0,1;"setosa"
"2115";5,8;4;1,2;0,2;"setosa"
"2116";5,7;4,4;1,5;0,4;"setosa"
"2117";5,4;3,9;1,3;0,4;"setosa"
"2118";5,1;3,5;1,4;0,3;"setosa"
"2119";5,7;3,8;1,7;0,3;"setosa"
"2120";5,1;3,8;1,5;0,3;"setosa"
"2121";5,4;3,4;1,7;0,2;"setosa"
"2122";5,1;3,7;1,5;0,4;"setosa"
"2123";4,6;3,6;1;0,2;"setosa"
"2124";5,1;3,3;1,7;0,5;"setosa"
"2125";4,8;3,4;1,9;0,2;"setosa"
"2126";5;3;1,6;0,2;"setosa"
"2127";5;3,4;1,6;0,4;"setosa"
"2128";5,2;3,5;1,5;0,2;"setosa"
"2129";5,2;3,4;1,4;0,2;"setosa"
"2130";4,7;3,2;1,6;0,2;"setosa"
"2131";4,8;3,1;1,6;0,2;"setosa"
"2132";5,4;3,4;1,5;0,4;"setosa"
"2133";5,2;4,1;1,5;0,1;"setosa"
"2134";5,5;4,2;1,4;0,2;"setosa"
"2135";4,9;3,1;1,5;0,2;"setosa"
"2136";5;3,2;1,2;0,2;"setosa"
"2137";5,5;3,5;1,3;0,2;"setosa"
"2138";4,9;3,6;1,4;0,1;"setosa"
"2139";4,4;3;1,3;0,2;"setosa"
"2140";5,1;3,4;1,5;0,2;"setosa"
"2141";5;3,5;1,3;0,3;"setosa"
"2142";4,5;2,3;1,3;0,3;"setosa"
"2143";4,4;3,2;1,3;0,2;"setosa"
"2144";5;3,5;1,6;0,6;"setosa"
"2145";5,1;3,8;1,9;0,4;"setosa"
"2146";4,8;3;1,4;0,3;"setosa"
"2147";5,1;3,8;1,6;0,2;"setosa"
"2148";4,6;3,2;1,4;0,2;"setosa"
"2149";5,3;3,7;1,5;0,2;"setosa"
"2150";5;3,3;1,4;0,2;"setosa"
"2151";7;3,2;4,7;1,4;"versicolor"
"2152";6,4;3,2;4,5;1,5;"versicolor"
"2153";6,9;3,1;4,9;1,5;"versicolor"
"2154";5,5;2,3;4;1,3;"versicolor"
"2155";6,5;2,8;4,6;1,5;"versicolor"
"2156";5,7;2,8;4,5;1,3;"versicolor"
"2157";6,3;3,3;4,7;1,6;"versicolor"
"2158";4,9;2,4;3,3;1;"versicolor"
"2159";6,6;2,9;4,6;1,3;"versicolor"
"2160";5,2;2,7;3,9;1,4;"versicolor"
"2161";5;2;3,5;1;"versicolor"
"2162";5,9;3;4,2;1,5;"versicolor"
"2163";6;2,2;4;1;"versicolor"
"2164";6,1;2,9;4,7;1,4;"versicolor"
"2165";5,6;2,9;3,6;1,3;"versicolor"
"2166";6,7;3,1;4,4;1,4;"versicolor"
"2167";5,6;3;4,5;1,5;"versicolor"
"2168";5,8;2,7;4,1;1;"versicolor"
"2169";6,2;2,2;4,5;1,5;"versicolor"
"2170";5,6;2,5;3,9;1,1;"versicolor"
"2171";5,9;3,2;4,8;1,8;"versicolor"
"2172";6,1;2,8;4;1,3;"versicolor"
"2173";6,3;2,5;4,9;1,5;"versicolor"
"2174";6,1;2,8;4,7;1,2;"versicolor"
"2175";6,4;2,9;4,3;1,3;"versicolor"
"2176";6,6;3;4,4;1,4;"versicolor"
"2177";6,8;2,8;4,8;1,4;"versicolor"
"2178";6,7;3;5;1,7;"versicolor"
"2179";6;2,9;4,5;1,5;"versicolor"
"2180";5,7;2,6;3,5;1;"versicolor"
"2181";5,5;2,4;3,8;1,1;"versicolor"
"2182";5,5;2,4;3,7;1;"versicolor"
"2183";5,8;2,7;3,9;1,2;"versicolor"
"2184";6;2,7;5,1;1,6;"versicolor"
"2185";5,4;3;4,5;1,5;"versicolor"
"2186";6;3,4;4,5;1,6;"versicolor"
"2187";6,7;3,1;4,7;1,5;"versicolor"
"2188";6,3;2,3;4,4;1,3;"versicolor"
"2189";5,6;3;4,1;1,3;"versicolor"
"2190";5,5;2,5;4;1,3;"versicolor"
"2191";5,5;2,6;4,4;1,2;"versicolor"
"2192";6,1;3;4,6;1,4;"versicolor"
"2193";5,8;2,6;4;1,2;"versicolor"
"2194";5;2,3;3,3;1;"versicolor"
"2195";5,6;2,7;4,2;1,3;"versicolor"
"2196";5,7;3;4,2;1,2;"versicolor"
"2197";5,7;2,9;4,2;1,3;"versicolor"
"2198";6,2;2,9;4,3;1,3;"versicolor"
"2199";5,1;2,5;3;1,1;"versicolor"
"2200";5,7;2,8;4,1;1,3;"versicolor"
"2201";6,3;3,3;6;2,5;"virginica"
"2202";5,8;2,7;5,1;1,9;"virginica"
"2203";7,1;3;5,9;2,1;"virginica"
"2204";6,3;2,9;5,6;1,8;"virginica"
"2205";6,5;3;5,8;2,2;"virginica"
"2206";7,6;3;6,6;2,1;"virginica"
"2207";4,9;2,5;4,5;1,7;"virginica"
"2208";7,3;2,9;6,3;1,8;"virginica"
"2209";6,7;2,5;5,8;1,8;"virginica"
"2210";7,2;3,6;6,1;2,5;"virginica"
"2211";6,5;3,2;5,1;2;"virginica"
"2212";6,4;2,7;5,3;1,9;"virginica"
"2213";6,8;3;5,5;2,1;"virginica"
"2214";5,7;2,5;5;2;"virginica"
"2215";5,8;2,8;5,1;2,4;"virginica"
"2216";6,4;3,2;5,3;2,3;"virginica"
"2217";6,5;3;5,5;1,8;"virginica"
"2218";7,7;3,8;6,7;2,2;"virginica"
"2219";7,7;2,6;6,9;2,3;"virginica"
"2220";6;2,2;5;1,5;"virginica"
"2221";6,9;3,2;5,7;2,3;"virginica"
"2222";5,6;2,8;4,9;2;"virginica"
"2223";7,7;2,8;6,7;2;"virginica"
"2224";6,3;2,7;4,9;1,8;"virginica"
"2225";6,7;3,3;5,7;2,1;"virginica"
"2226";7,2;3,2;6;1,8;"virginica"
"2227";6,2;2,8;4,8;1,8;"virginica"
"2228";6,1;3;4,9;1,8;"virginica"
"2229";6,4;2,8;5,6;2,1;"virginica"
"2230";7,2;3;5,8;1,6;"virginica"
"2231";7,4;2,8;6,1;1,9;"virginica"
"2232";7,9;3,8;6,4;2;"virginica"
"2233";6,4;2,8;5,6;2,2;"virginica"
"2234";6,3;2,8;5,1;1,5;"virginica"
"2235";6,1;2,6;5,6;1,4;"virginica"
"2236";7,7;3;6,1;2,3;"virginica"
"2237";6,3;3,4;5,6;2,4;"virginica"
"2238";6,4;3,1;5,5;1,8;"virginica"
"2239";6;3;4,8;1,8;"virginica"
"2240";6,9;3,1;5,4;2,1;"virginica"
"2241";6,7;3,1;5,6;2,4;"virginica"
"2242";6,9;3,1;5,1;2,3;"virginica"
"2243";5,8;2,7;5,1;1,9;"virginica"
"2244";6,8;3,2;5,9;2,3;"virginica"
"2245";6,7;3,3;5,7;2,5;"virginica"
"2246";6,7;3;5,2;2,3;"virginica"
"2247";6,3;2,5;5;1,9;"virginica"
"2248";6,5;3;5,2;2;"virginica"
"2249";6,2;3,4;5,4;2,3;"virginica"
"2250";5,9;3;5,1;1,8;"virginica"
"2251";5,1;3,5;1,4;0,2;"setosa"
"2252";4,9;3;1,4;0,2;"setosa"
"2253";4,7;3,2;1,3;0,2;"setosa"
"2254";4,6;3,1;1,5;0,2;"setosa"
"2255";5;3,6;1,4;0,2;"setosa"
"2256";5,4;3,9;1,7;0,4;"setosa"
"2257";4,6;3,4;1,4;0,3;"setosa"
"2258";5;3,4;1,5;0,2;"setosa"
"2259";4,4;2,9;1,4;0,2;"setosa"
"2260";4,9;3,1;1,5;0,1;"setosa"
"2261";5,4;3,7;1,5;0,2;"setosa"
"2262";4,8;3,4;1,6;0,2;"setosa"
"2263";4,8;3;1,4;0,1;"setosa"
"2264";4,3;3;1,1;0,1;"setosa"
"2265";5,8;4;1,2;0,2;"setosa"
"2266";5,7;4,4;1,5;0,4;"setosa"
"2267";5,4;3,9;1,3;0,4;"setosa"
"2268";5,1;3,5;1,4;0,3;"setosa"
"2269";5,7;3,8;1,7;0,3;"setosa"
"2270";5,1;3,8;1,5;0,3;"setosa"
"2271";5,4;3,4;1,7;0,2;"setosa"
"2272";5,1;3,7;1,5;0,4;"setosa"
"2273";4,6;3,6;1;0,2;"setosa"
"2274";5,1;3,3;1,7;0,5;"setosa"
"2275";4,8;3,4;1,9;0,2;"setosa"
"2276";5;3;1,6;0,2;"setosa"
"2277";5;3,4;1,6;0,4;"setosa"
"2278";5,2;3,5;1,5;0,2;"setosa"
"2279";5,2;3,4;1,4;0,2;"setosa"
"2280";4,7;3,2;1,6;0,2;"setosa"
"2281";4,8;3,1;1,6;0,2;"setosa"
"2282";5,4;3,4;1,5;0,4;"setosa"
"2283";5,2;4,1;1,5;0,1;"setosa"
"2284";5,5;4,2;1,4;0,2;"setosa"
"2285";4,9;3,1;1,5;0,2;"setosa"
"2286";5;3,2;1,2;0,2;"setosa"
"2287";5,5;3,5;1,3;0,2;"setosa"
"2288";4,9;3,6;1,4;0,1;"setosa"
"2289";4,4;3;1,3;0,2;"setosa"
"2290";5,1;3,4;1,5;0,2;"setosa"
"2291";5;3,5;1,3;0,3;"setosa"
"2292";4,5;2,3;1,3;0,3;"setosa"
"2293";4,4;3,2;1,3;0,2;"setosa"
"2294";5;3,5;1,6;0,6;"setosa"
"2295";5,1;3,8;1,9;0,4;"setosa"
"2296";4,8;3;1,4;0,3;"setosa"
"2297";5,1;3,8;1,6;0,2;"setosa"
"2298";4,6;3,2;1,4;0,2;"setosa"
"2299";5,3;3,7;1,5;0,2;"setosa"
"2300";5;3,3;1,4;0,2;"setosa"
"2301";7;3,2;4,7;1,4;"versicolor"
"2302";6,4;3,2;4,5;1,5;"versicolor"
"2303";6,9;3,1;4,9;1,5;"versicolor"
"2304";5,5;2,3;4;1,3;"versicolor"
"2305";6,5;2,8;4,6;1,5;"versicolor"
"2306";5,7;2,8;4,5;1,3;"versicolor"
"2307";6,3;3,3;4,7;1,6;"versicolor"
"2308";4,9;2,4;3,3;1;"versicolor"
"2309";6,6;2,9;4,6;1,3;"versicolor"
"2310";5,2;2,7;3,9;1,4;"versicolor"
"2311";5;2;3,5;1;"versicolor"
"2312";5,9;3;4,2;1,5;"versicolor"
"2313";6;2,2;4;1;"versicolor"
"2314";6,1;2,9;4,7;1,4;"versicolor"
"2315";5,6;2,9;3,6;1,3;"versicolor"
"2316";6,7;3,1;4,4;1,4;"versicolor"
"2317";5,6;3;4,5;1,5;"versicolor"
"2318";5,8;2,7;4,1;1;"versicolor"
"2319";6,2;2,2;4,5;1,5;"versicolor"
"2320";5,6;2,5;3,9;1,1;"versicolor"
"2321";5,9;3,2;4,8;1,8;"versicolor"
"2322";6,1;2,8;4;1,3;"versicolor"
"2323";6,3;2,5;4,9;1,5;"versicolor"
"2324";6,1;2,8;4,7;1,2;"versicolor"
"2325";6,4;2,9;4,3;1,3;"versicolor"
"2326";6,6;3;4,4;1,4;"versicolor"
"2327";6,8;2,8;4,8;1,4;"versicolor"
"2328";6,7;3;5;1,7;"versicolor"
"2329";6;2,9;4,5;1,5;"versicolor"
"2330";5,7;2,6;3,5;1;"versicolor"
"2331";5,5;2,4;3,8;1,1;"versicolor"
"2332";5,5;2,4;3,7;1;"versicolor"
"2333";5,8;2,7;3,9;1,2;"versicolor"
"2334";6;2,7;5,1;1,6;"versicolor"
"2335";5,4;3;4,5;1,5;"versicolor"
"2336";6;3,4;4,5;1,6;"versicolor"
"2337";6,7;3,1;4,7;1,5;"versicolor"
"2338";6,3;2,3;4,4;1,3;"versicolor"
"2339";5,6;3;4,1;1,3;"versicolor"
"2340";5,5;2,5;4;1,3;"versicolor"
"2341";5,5;2,6;4,4;1,2;"versicolor"
"2342";6,1;3;4,6;1,4;"versicolor"
"2343";5,8;2,6;4;1,2;"versicolor"
"2344";5;2,3;3,3;1;"versicolor"
"2345";5,6;2,7;4,2;1,3;"versicolor"
"2346";5,7;3;4,2;1,2;"versicolor"
"2347";5,7;2,9;4,2;1,3;"versicolor"
"2348";6,2;2,9;4,3;1,3;"versicolor"
"2349";5,1;2,5;3;1,1;"versicolor"
"2350";5,7;2,8;4,1;1,3;"versicolor"
"2351";6,3;3,3;6;2,5;"virginica"
"2352";5,8;2,7;5,1;1,9;"virginica"
"2353";7,1;3;5,9;2,1;"virginica"
"2354";6,3;2,9;5,6;1,8;"virginica"
"2355";6,5;3;5,8;2,2;"virginica"
"2356";7,6;3;6,6;2,1;"virginica"
"2357";4,9;2,5;4,5;1,7;"virginica"
"2358";7,3;2,9;6,3;1,8;"virginica"
"2359";6,7;2,5;5,8;1,8;"virginica"
"2360";7,2;3,6;6,1;2,5;"virginica"
"2361";6,5;3,2;5,1;2;"virginica"
"2362";6,4;2,7;5,3;1,9;"virginica"
"2363";6,8;3;5,5;2,1;"virginica"
"2364";5,7;2,5;5;2;"virginica"
"2365";5,8;2,8;5,1;2,4;"virginica"
"2366";6,4;3,2;5,3;2,3;"virginica"
"2367";6,5;3;5,5;1,8;"virginica"
"2368";7,7;3,8;6,7;2,2;"virginica"
"2369";7,7;2,6;6,9;2,3;"virginica"
"2370";6;2,2;5;1,5;"virginica"
"2371";6,9;3,2;5,7;2,3;"virginica"
"2372";5,6;2,8;4,9;2;"virginica"
"2373";7,7;2,8;6,7;2;"virginica"
"2374";6,3;2,7;4,9;1,8;"virginica"
"2375";6,7;3,3;5,7;2,1;"virginica"
"2376";7,2;3,2;6;1,8;"virginica"
"2377";6,2;2,8;4,8;1,8;"virginica"
"2378";6,1;3;4,9;1,8;"virginica"
"2379";6,4;2,8;5,6;2,1;"virginica"
"2380";7,2;3;5,8;1,6;"virginica"
"2381";7,4;2,8;6,1;1,9;"virginica"
"2382";7,9;3,8;6,4;2;"virginica"
"2383";6,4;2,8;5,6;2,2;"virginica"
"2384";6,3;2,8;5,1;1,5;"virginica"
"2385";6,1;2,6;5,6;1,4;"virginica"
"2386";7,7;3;6,1;2,3;"virginica"
"2387";6,3;3,4;5,6;2,4;"virginica"
"2388";6,4;3,1;5,5;1,8;"virginica"
"2389";6;3;4,8;1,8;"virginica"
"2390";6,9;3,1;5,4;2,1;"virginica"
"2391";6,7;3,1;5,6;2,4;"virginica"
"2392";6,9;3,1;5,1;2,3;"virginica"
"2393";5,8;2,7;5,1;1,9;"virginica"
"2394";6,8;3,2;5,9;2,3;"virginica"
"2395";6,7;3,3;5,7;2,5;"virginica"
"2396";6,7;3;5,2;2,3;"virginica"
"2397";6,3;2,5;5;1,9;"virginica"
"2398";6,5;3;5,2;2;"virginica"
"2399";6,2;3,4;5,4;2,3;"virginica"
"2400";5,9;3;5,1;1,8;"virginica"
"2401";5,1;3,5;1,4;0,2;"setosa"
"2402";4,9;3;1,4;0,2;"setosa"
"2403";4,7;3,2;1,3;0,2;"setosa"
"2404";4,6;3,1;1,5;0,2;"setosa"
"2405";5;3,6;1,4;0,2;"setosa"
"2406";5,4;3,9;1,7;0,4;"setosa"
"2407";4,6;3,4;1,4;0,3;"setosa"
"2408";5;3,4;1,5;0,2;"setosa"
"2409";4,4;2,9;1,4;0,2;"setosa"
"2410";4,9;3,1;1,5;0,1;"setosa"
"2411";5,4;3,7;1,5;0,2;"setosa"
"2412";4,8;3,4;1,6;0,2;"setosa"
"2413";4,8;3;1,4;0,1;"setosa"
"2414";4,3;3;1,1;0,1;"setosa"
"2415";5,8;4;1,2;0,2;"setosa"
"2416";5,7;4,4;1,5;0,4;"setosa"
"2417";5,4;3,9;1,3;0,4;"setosa"
"2418";5,1;3,5;1,4;0,3;"setosa"
"2419";5,7;3,8;1,7;0,3;"setosa"
"2420";5,1;3,8;1,5;0,3;"setosa"
"2421";5,4;3,4;1,7;0,2;"setosa"
"2422";5,1;3,7;1,5;0,4;"setosa"
"2423";4,6;3,6;1;0,2;"setosa"
"2424";5,1;3,3;1,7;0,5;"setosa"
"2425";4,8;3,4;1,9;0,2;"setosa"
"2426";5;3;1,6;0,2;"setosa"
"2427";5;3,4;1,6;0,4;"setosa"
"2428";5,2;3,5;1,5;0,2;"setosa"
"2429";5,2;3,4;1,4;0,2;"setosa"
"2430";4,7;3,2;1,6;0,2;"setosa"
"2431";4,8;3,1;1,6;0,2;"setosa"
"2432";5,4;3,4;1,5;0,4;"setosa"
"2433";5,2;4,1;1,5;0,1;"setosa"
"2434";5,5;4,2;1,4;0,2;"setosa"
"2435";4,9;3,1;1,5;0,2;"setosa"
"2436";5;3,2;1,2;0,2;"setosa"
"2437";5,5;3,5;1,3;0,2;"setosa"
"2438";4,9;3,6;1,4;0,1;"setosa"
"2439";4,4;3;1,3;0,2;"setosa"
"2440";5,1;3,4;1,5;0,2;"setosa"
"2441";5;3,5;1,3;0,3;"setosa"
"2442";4,5;2,3;1,3;0,3;"setosa"
"2443";4,4;3,2;1,3;0,2;"setosa"
"2444";5;3,5;1,6;0,6;"setosa"
"2445";5,1;3,8;1,9;0,4;"setosa"
"2446";4,8;3;1,4;0,3;"setosa"
"2447";5,1;3,8;1,6;0,2;"setosa"
"2448";4,6;3,2;1,4;0,2;"setosa"
"2449";5,3;3,7;1,5;0,2;"setosa"
"2450";5;3,3;1,4;0,2;"setosa"
"2451";7;3,2;4,7;1,4;"versicolor"
"2452";6,4;3,2;4,5;1,5;"versicolor"
"2453";6,9;3,1;4,9;1,5;"versicolor"
"2454";5,5;2,3;4;1,3;"versicolor"
"2455";6,5;2,8;4,6;1,5;"versicolor"
"2456";5,7;2,8;4,5;1,3;"versicolor"
"2457";6,3;3,3;4,7;1,6;"versicolor"
"2458";4,9;2,4;3,3;1;"versicolor"
"2459";6,6;2,9;4,6;1,3;"versicolor"
"2460";5,2;2,7;3,9;1,4;"versicolor"
"2461";5;2;3,5;1;"versicolor"
"2462";5,9;3;4,2;1,5;"versicolor"
"2463";6;2,2;4;1;"versicolor"
"2464";6,1;2,9;4,7;1,4;"versicolor"
"2465";5,6;2,9;3,6;1,3;"versicolor"
"2466";6,7;3,1;4,4;1,4;"versicolor"
"2467";5,6;3;4,5;1,5;"versicolor"
"2468";5,8;2,7;4,1;1;"versicolor"
"2469";6,2;2,2;4,5;1,5;"versicolor"
"2470";5,6;2,5;3,9;1,1;"versicolor"
"2471";5,9;3,2;4,8;1,8;"versicolor"
"2472";6,1;2,8;4;1,3;"versicolor"
"2473";6,3;2,5;4,9;1,5;"versicolor"
"2474";6,1;2,8;4,7;1,2;"versicolor"
"2475";6,4;2,9;4,3;1,3;"versicolor"
"2476";6,6;3;4,4;1,4;"versicolor"
"2477";6,8;2,8;4,8;1,4;"versicolor"
"2478";6,7;3;5;1,7;"versicolor"
"2479";6;2,9;4,5;1,5;"versicolor"
"2480";5,7;2,6;3,5;1;"versicolor"
"2481";5,5;2,4;3,8;1,1;"versicolor"
"2482";5,5;2,4;3,7;1;"versicolor"
"2483";5,8;2,7;3,9;1,2;"versicolor"
"2484";6;2,7;5,1;1,6;"versicolor"
"2485";5,4;3;4,5;1,5;"versicolor"
"2486";6;3,4;4,5;1,6;"versicolor"
"2487";6,7;3,1;4,7;1,5;"versicolor"
"2488";6,3;2,3;4,4;1,3;"versicolor"
"2489";5,6;3;4,1;1,3;"versicolor"
"2490";5,5;2,5;4;1,3;"versicolor"
"2491";5,5;2,6;4,4;1,2;"versicolor"
"2492";6,1;3;4,6;1,4;"versicolor"
"2493";5,8;2,6;4;1,2;"versicolor"
"2494";5;2,3;3,3;1;"versicolor"
"2495";5,6;2,7;4,2;1,3;"versicolor"
"2496";5,7;3;4,2;1,2;"versicolor"
"2497";5,7;2,9;4,2;1,3;"versicolor"
"2498";6,2;2,9;4,3;1,3;"versicolor"
"2499";5,1;2,5;3;1,1;"versicolor"
"2500";5,7;2,8;4,1;1,3;"versicolor"
"2501";6,3;3,3;6;2,5;"virginica"
"2502";5,8;2,7;5,1;1,9;"virginica"
"2503";7,1;3;5,9;2,1;"virginica"
"2504";6,3;2,9;5,6;1,8;"virginica"
"2505";6,5;3;5,8;2,2;"virginica"
"2506";7,6;3;6,6;2,1;"virginica"
"2507";4,9;2,5;4,5;1,7;"virginica"
"2508";7,3;2,9;6,3;1,8;"virginica"
"2509";6,7;2,5;5,8;1,8;"virginica"
"2510";7,2;3,6;6,1;2,5;"virginica"
"2511";6,5;3,2;5,1;2;"virginica"
"2512";6,4;2,7;5,3;1,9;"virginica"
"2513";6,8;3;5,5;2,1;"virginica"
"2514";5,7;2,5;5;2;"virginica"
"2515";5,8;2,8;5,1;2,4;"virginica"
"2516";6,4;3,2;5,3;2,3;"virginica"
"2517";6,5;3;5,5;1,8;"virginica"
"2518";7,7;3,8;6,7;2,2;"virginica"
"2519";7,7;2,6;6,9;2,3;"virginica"
"2520";6;2,2;5;1,5;"virginica"
"2521";6,9;3,2;5,7;2,3;"virginica"
"2522";5,6;2,8;4,9;2;"virginica"
"2523";7,7;2,8;6,7;2;"virginica"
"2524";6,3;2,7;4,9;1,8;"virginica"
"2525";6,7;3,3;5,7;2,1;"virginica"
"2526";7,2;3,2;6;1,8;"virginica"
"2527";6,2;2,8;4,8;1,8;"virginica"
"2528";6,1;3;4,9;1,8;"virginica"
"2529";6,4;2,8;5,6;2,1;"virginica"
"2530";7,2;3;5,8;1,6;"virginica"
"2531";7,4;2,8;6,1;1,9;"virginica"
"2532";7,9;3,8;6,4;2;"virginica"
"2533";6,4;2,8;5,6;2,2;"virginica"
"2534";6,3;2,8;5,1;1,5;"virginica"
"2535";6,1;2,6;5,6;1,4;"virginica"
"2536";7,7;3;6,1;2,3;"virginica"
"2537";6,3;3,4;5,6;2,4;"virginica"
"2538";6,4;3,1;5,5;1,8;"virginica"
"2539";6;3;4,8;1,8;"virginica"
"2540";6,9;3,1;5,4;2,1;"virginica"
"2541";6,7;3,1;5,6;2,4;"virginica"
"2542";6,9;3,1;5,1;2,3;"virginica"
"2543";5,8;2,7;5,1;1,9;"virginica"
"2544";6,8;3,2;5,9;2,3;"virginica"
"2545";6,7;3,3;5,7;2,5;"virginica"
"2546";6,7;3;5,2;2,3;"virginica"
"2547";6,3;2,5;5;1,9;"virginica"
"2548";6,5;3;5,2;2;"virginica"
"2549";6,2;3,4;5,4;2,3;"virginica"
"2550";5,9;3;5,1;1,8;"virginica"
"2551";5,1;3,5;1,4;0,2;"setosa"
"2552";4,9;3;1,4;0,2;"setosa"
"2553";4,7;3,2;1,3;0,2;"setosa"
"2554";4,6;3,1;1,5;0,2;"setosa"
"2555";5;3,6;1,4;0,2;"setosa"
"2556";5,4;3,9;1,7;0,4;"setosa"
"2557";4,6;3,4;1,4;0,3;"setosa"
"2558";5;3,4;1,5;0,2;"setosa"
"2559";4,4;2,9;1,4;0,2;"setosa"
"2560";4,9;3,1;1,5;0,1;"setosa"
"2561";5,4;3,7;1,5;0,2;"setosa"
"2562";4,8;3,4;1,6;0,2;"setosa"
"2563";4,8;3;1,4;0,1;"setosa"
"2564";4,3;3;1,1;0,1;"setosa"
"2565";5,8;4;1,2;0,2;"setosa"
"2566";5,7;4,4;1,5;0,4;"setosa"
"2567";5,4;3,9;1,3;0,4;"setosa"
"2568";5,1;3,5;1,4;0,3;"setosa"
"2569";5,7;3,8;1,7;0,3;"setosa"
"2570";5,1;3,8;1,5;0,3;"setosa"
"2571";5,4;3,4;1,7;0,2;"setosa"
"2572";5,1;3,7;1,5;0,4;"setosa"
"2573";4,6;3,6;1;0,2;"setosa"
"2574";5,1;3,3;1,7;0,5;"setosa"
"2575";4,8;3,4;1,9;0,2;"setosa"
"2576";5;3;1,6;0,2;"setosa"
"2577";5;3,4;1,6;0,4;"setosa"
"2578";5,2;3,5;1,5;0,2;"setosa"
"2579";5,2;3,4;1,4;0,2;"setosa"
"2580";4,7;3,2;1,6;0,2;"setosa"
"2581";4,8;3,1;1,6;0,2;"setosa"
"2582";5,4;3,4;1,5;0,4;"setosa"
"2583";5,2;4,1;1,5;0,1;"setosa"
"2584";5,5;4,2;1,4;0,2;"setosa"
"2585";4,9;3,1;1,5;0,2;"setosa"
"2586";5;3,2;1,2;0,2;"setosa"
"2587";5,5;3,5;1,3;0,2;"setosa"
"2588";4,9;3,6;1,4;0,1;"setosa"
"2589";4,4;3;1,3;0,2;"setosa"
"2590";5,1;3,4;1,5;0,2;"setosa"
"2591";5;3,5;1,3;0,3;"setosa"
"2592";4,5;2,3;1,3;0,3;"setosa"
"2593";4,4;3,2;1,3;0,2;"setosa"
"2594";5;3,5;1,6;0,6;"setosa"
"2595";5,1;3,8;1,9;0,4;"setosa"
"2596";4,8;3;1,4;0,3;"setosa"
"2597";5,1;3,8;1,6;0,2;"setosa"
"2598";4,6;3,2;1,4;0,2;"setosa"
"2599";5,3;3,7;1,5;0,2;"setosa"
"2600";5;3,3;1,4;0,2;"setosa"
"2601";7;3,2;4,7;1,4;"versicolor"
"2602";6,4;3,2;4,5;1,5;"versicolor"
"2603";6,9;3,1;4,9;1,5;"versicolor"
"2604";5,5;2,3;4;1,3;"versicolor"
"2605";6,5;2,8;4,6;1,5;"versicolor"
"2606";5,7;2,8;4,5;1,3;"versicolor"
"2607";6,3;3,3;4,7;1,6;"versicolor"
"2608";4,9;2,4;3,3;1;"versicolor"
"2609";6,6;2,9;4,6;1,3;"versicolor"
"2610";5,2;2,7;3,9;1,4;"versicolor"
"2611";5;2;3,5;1;"versicolor"
"2612";5,9;3;4,2;1,5;"versicolor"
"2613";6;2,2;4;1;"versicolor"
"2614";6,1;2,9;4,7;1,4;"versicolor"
"2615";5,6;2,9;3,6;1,3;"versicolor"
"2616";6,7;3,1;4,4;1,4;"versicolor"
"2617";5,6;3;4,5;1,5;"versicolor"
"2618";5,8;2,7;4,1;1;"versicolor"
"2619";6,2;2,2;4,5;1,5;"versicolor"
"2620";5,6;2,5;3,9;1,1;"versicolor"
"2621";5,9;3,2;4,8;1,8;"versicolor"
"2622";6,1;2,8;4;1,3;"versicolor"
"2623";6,3;2,5;4,9;1,5;"versicolor"
"2624";6,1;2,8;4,7;1,2;"versicolor"
"2625";6,4;2,9;4,3;1,3;"versicolor"
"2626";6,6;3;4,4;1,4;"versicolor"
"2627";6,8;2,8;4,8;1,4;"versicolor"
"2628";6,7;3;5;1,7;"versicolor"
"2629";6;2,9;4,5;1,5;"versicolor"
"2630";5,7;2,6;3,5;1;"versicolor"
"2631";5,5;2,4;3,8;1,1;"versicolor"
"2632";5,5;2,4;3,7;1;"versicolor"
"2633";5,8;2,7;3,9;1,2;"versicolor"
"2634";6;2,7;5,1;1,6;"versicolor"
"2635";5,4;3;4,5;1,5;"versicolor"
"2636";6;3,4;4,5;1,6;"versicolor"
"2637";6,7;3,1;4,7;1,5;"versicolor"
"2638";6,3;2,3;4,4;1,3;"versicolor"
"2639";5,6;3;4,1;1,3;"versicolor"
"2640";5,5;2,5;4;1,3;"versicolor"
"2641";5,5;2,6;4,4;1,2;"versicolor"
"2642";6,1;3;4,6;1,4;"versicolor"
"2643";5,8;2,6;4;1,2;"versicolor"
"2644";5;2,3;3,3;1;"versicolor"
"2645";5,6;2,7;4,2;1,3;"versicolor"
"2646";5,7;3;4,2;1,2;"versicolor"
"2647";5,7;2,9;4,2;1,3;"versicolor"
"2648";6,2;2,9;4,3;1,3;"versicolor"
"2649";5,1;2,5;3;1,1;"versicolor"
"2650";5,7;2,8;4,1;1,3;"versicolor"
"2651";6,3;3,3;6;2,5;"virginica"
"2652";5,8;2,7;5,1;1,9;"virginica"
"2653";7,1;3;5,9;2,1;"virginica"
"2654";6,3;2,9;5,6;1,8;"virginica"
"2655";6,5;3;5,8;2,2;"virginica"
"2656";7,6;3;6,6;2,1;"virginica"
"2657";4,9;2,5;4,5;1,7;"virginica"
"2658";7,3;2,9;6,3;1,8;"virginica"
"2659";6,7;2,5;5,8;1,8;"virginica"
"2660";7,2;3,6;6,1;2,5;"virginica"
"2661";6,5;3,2;5,1;2;"virginica"
"2662";6,4;2,7;5,3;1,9;"virginica"
"2663";6,8;3;5,5;2,1;"virginica"
"2664";5,7;2,5;5;2;"virginica"
"2665";5,8;2,8;5,1;2,4;"virginica"
"2666";6,4;3,2;5,3;2,3;"virginica"
"2667";6,5;3;5,5;1,8;"virginica"
"2668";7,7;3,8;6,7;2,2;"virginica"
"2669";7,7;2,6;6,9;2,3;"virginica"
"2670";6;2,2;5;1,5;"virginica"
"2671";6,9;3,2;5,7;2,3;"virginica"
"2672";5,6;2,8;4,9;2;"virginica"
"2673";7,7;2,8;6,7;2;"virginica"
"2674";6,3;2,7;4,9;1,8;"virginica"
"2675";6,7;3,3;5,7;2,1;"virginica"
"2676";7,2;3,2;6;1,8;"virginica"
"2677";6,2;2,8;4,8;1,8;"virginica"
"2678";6,1;3;4,9;1,8;"virginica"
"2679";6,4;2,8;5,6;2,1;"virginica"
"2680";7,2;3;5,8;1,6;"virginica"
"2681";7,4;2,8;6,1;1,9;"virginica"
"2682";7,9;3,8;6,4;2;"virginica"
"2683";6,4;2,8;5,6;2,2;"virginica"
"2684";6,3;2,8;5,1;1,5;"virginica"
"2685";6,1;2,6;5,6;1,4;"virginica"
"2686";7,7;3;6,1;2,3;"virginica"
"2687";6,3;3,4;5,6;2,4;"virginica"
"2688";6,4;3,1;5,5;1,8;"virginica"
"2689";6;3;4,8;1,8;"virginica"
"2690";6,9;3,1;5,4;2,1;"virginica"
"2691";6,7;3,1;5,6;2,4;"virginica"
"2692";6,9;3,1;5,1;2,3;"virginica"
"2693";5,8;2,7;5,1;1,9;"virginica"
"2694";6,8;3,2;5,9;2,3;"virginica"
"2695";6,7;3,3;5,7;2,5;"virginica"
"2696";6,7;3;5,2;2,3;"virginica"
"2697";6,3;2,5;5;1,9;"virginica"
"2698";6,5;3;5,2;2;"virginica"
"2699";6,2;3,4;5,4;2,3;"virginica"
"2700";5,9;3;5,1;1,8;"virginica"
"2701";5,1;3,5;1,4;0,2;"setosa"
"2702";4,9;3;1,4;0,2;"setosa"
"2703";4,7;3,2;1,3;0,2;"setosa"
"2704";4,6;3,1;1,5;0,2;"setosa"
"2705";5;3,6;1,4;0,2;"setosa"
"2706";5,4;3,9;1,7;0,4;"setosa"
"2707";4,6;3,4;1,4;0,3;"setosa"
"2708";5;3,4;1,5;0,2;"setosa"
"2709";4,4;2,9;1,4;0,2;"setosa"
"2710";4,9;3,1;1,5;0,1;"setosa"
"2711";5,4;3,7;1,5;0,2;"setosa"
"2712";4,8;3,4;1,6;0,2;"setosa"
"2713";4,8;3;1,4;0,1;"setosa"
"2714";4,3;3;1,1;0,1;"setosa"
"2715";5,8;4;1,2;0,2;"setosa"
"2716";5,7;4,4;1,5;0,4;"setosa"
"2717";5,4;3,9;1,3;0,4;"setosa"
"2718";5,1;3,5;1,4;0,3;"setosa"
"2719";5,7;3,8;1,7;0,3;"setosa"
"2720";5,1;3,8;1,5;0,3;"setosa"
"2721";5,4;3,4;1,7;0,2;"setosa"
"2722";5,1;3,7;1,5;0,4;"setosa"
"2723";4,6;3,6;1;0,2;"setosa"
"2724";5,1;3,3;1,7;0,5;"setosa"
"2725";4,8;3,4;1,9;0,2;"setosa"
"2726";5;3;1,6;0,2;"setosa"
"2727";5;3,4;1,6;0,4;"setosa"
"2728";5,2;3,5;1,5;0,2;"setosa"
"2729";5,2;3,4;1,4;0,2;"setosa"
"2730";4,7;3,2;1,6;0,2;"setosa"
"2731";4,8;3,1;1,6;0,2;"setosa"
"2732";5,4;3,4;1,5;0,4;"setosa"
"2733";5,2;4,1;1,5;0,1;"setosa"
"2734";5,5;4,2;1,4;0,2;"setosa"
"2735";4,9;3,1;1,5;0,2;"setosa"
"2736";5;3,2;1,2;0,2;"setosa"
"2737";5,5;3,5;1,3;0,2;"setosa"
"2738";4,9;3,6;1,4;0,1;"setosa"
"2739";4,4;3;1,3;0,2;"setosa"
"2740";5,1;3,4;1,5;0,2;"setosa"
"2741";5;3,5;1,3;0,3;"setosa"
"2742";4,5;2,3;1,3;0,3;"setosa"
"2743";4,4;3,2;1,3;0,2;"setosa"
"2744";5;3,5;1,6;0,6;"setosa"
"2745";5,1;3,8;1,9;0,4;"setosa"
"2746";4,8;3;1,4;0,3;"setosa"
"2747";5,1;3,8;1,6;0,2;"setosa"
"2748";4,6;3,2;1,4;0,2;"setosa"
"2749";5,3;3,7;1,5;0,2;"setosa"
"2750";5;3,3;1,4;0,2;"setosa"
"2751";7;3,2;4,7;1,4;"versicolor"
"2752";6,4;3,2;4,5;1,5;"versicolor"
"2753";6,9;3,1;4,9;1,5;"versicolor"
"2754";5,5;2,3;4;1,3;"versicolor"
"2755";6,5;2,8;4,6;1,5;"versicolor"
"2756";5,7;2,8;4,5;1,3;"versicolor"
"2757";6,3;3,3;4,7;1,6;"versicolor"
"2758";4,9;2,4;3,3;1;"versicolor"
"2759";6,6;2,9;4,6;1,3;"versicolor"
"2760";5,2;2,7;3,9;1,4;"versicolor"
"2761";5;2;3,5;1;"versicolor"
"2762";5,9;3;4,2;1,5;"versicolor"
"2763";6;2,2;4;1;"versicolor"
"2764";6,1;2,9;4,7;1,4;"versicolor"
"2765";5,6;2,9;3,6;1,3;"versicolor"
"2766";6,7;3,1;4,4;1,4;"versicolor"
"2767";5,6;3;4,5;1,5;"versicolor"
"2768";5,8;2,7;4,1;1;"versicolor"
"2769";6,2;2,2;4,5;1,5;"versicolor"
"2770";5,6;2,5;3,9;1,1;"versicolor"
"2771";5,9;3,2;4,8;1,8;"versicolor"
"2772";6,1;2,8;4;1,3;"versicolor"
"2773";6,3;2,5;4,9;1,5;"versicolor"
"2774";6,1;2,8;4,7;1,2;"versicolor"
"2775";6,4;2,9;4,3;1,3;"versicolor"
"2776";6,6;3;4,4;1,4;"versicolor"
"2777";6,8;2,8;4,8;1,4;"versicolor"
"2778";6,7;3;5;1,7;"versicolor"
"2779";6;2,9;4,5;1,5;"versicolor"
"2780";5,7;2,6;3,5;1;"versicolor"
"2781";5,5;2,4;3,8;1,1;"versicolor"
"2782";5,5;2,4;3,7;1;"versicolor"
"2783";5,8;2,7;3,9;1,2;"versicolor"
"2784";6;2,7;5,1;1,6;"versicolor"
"2785";5,4;3;4,5;1,5;"versicolor"
"2786";6;3,4;4,5;1,6;"versicolor"
"2787";6,7;3,1;4,7;1,5;"versicolor"
"2788";6,3;2,3;4,4;1,3;"versicolor"
"2789";5,6;3;4,1;1,3;"versicolor"
"2790";5,5;2,5;4;1,3;"versicolor"
"2791";5,5;2,6;4,4;1,2;"versicolor"
"2792";6,1;3;4,6;1,4;"versicolor"
"2793";5,8;2,6;4;1,2;"versicolor"
"2794";5;2,3;3,3;1;"versicolor"
"2795";5,6;2,7;4,2;1,3;"versicolor"
"2796";5,7;3;4,2;1,2;"versicolor"
"2797";5,7;2,9;4,2;1,3;"versicolor"
"2798";6,2;2,9;4,3;1,3;"versicolor"
"2799";5,1;2,5;3;1,1;"versicolor"
"2800";5,7;2,8;4,1;1,3;"versicolor"
"2801";6,3;3,3;6;2,5;"virginica"
"2802";5,8;2,7;5,1;1,9;"virginica"
"2803";7,1;3;5,9;2,1;"virginica"
"2804";6,3;2,9;5,6;1,8;"virginica"
"2805";6,5;3;5,8;2,2;"virginica"
"2806";7,6;3;6,6;2,1;"virginica"
"2807";4,9;2,5;4,5;1,7;"virginica"
"2808";7,3;2,9;6,3;1,8;"virginica"
"2809";6,7;2,5;5,8;1,8;"virginica"
"2810";7,2;3,6;6,1;2,5;"virginica"
"2811";6,5;3,2;5,1;2;"virginica"
"2812";6,4;2,7;5,3;1,9;"virginica"
"2813";6,8;3;5,5;2,1;"virginica"
"2814";5,7;2,5;5;2;"virginica"
"2815";5,8;2,8;5,1;2,4;"virginica"
"2816";6,4;3,2;5,3;2,3;"virginica"
"2817";6,5;3;5,5;1,8;"virginica"
"2818";7,7;3,8;6,7;2,2;"virginica"
"2819";7,7;2,6;6,9;2,3;"virginica"
"2820";6;2,2;5;1,5;"virginica"
"2821";6,9;3,2;5,7;2,3;"virginica"
"2822";5,6;2,8;4,9;2;"virginica"
"2823";7,7;2,8;6,7;2;"virginica"
"2824";6,3;2,7;4,9;1,8;"virginica"
"2825";6,7;3,3;5,7;2,1;"virginica"
"2826";7,2;3,2;6;1,8;"virginica"
"2827";6,2;2,8;4,8;1,8;"virginica"
"2828";6,1;3;4,9;1,8;"virginica"
"2829";6,4;2,8;5,6;2,1;"virginica"
"2830";7,2;3;5,8;1,6;"virginica"
"2831";7,4;2,8;6,1;1,9;"virginica"
"2832";7,9;3,8;6,4;2;"virginica"
"2833";6,4;2,8;5,6;2,2;"virginica"
"2834";6,3;2,8;5,1;1,5;"virginica"
"2835";6,1;2,6;5,6;1,4;"virginica"
"2836";7,7;3;6,1;2,3;"virginica"
"2837";6,3;3,4;5,6;2,4;"virginica"
"2838";6,4;3,1;5,5;1,8;"virginica"
"2839";6;3;4,8;1,8;"virginica"
"2840";6,9;3,1;5,4;2,1;"virginica"
"2841";6,7;3,1;5,6;2,4;"virginica"
"2842";6,9;3,1;5,1;2,3;"virginica"
"2843";5,8;2,7;5,1;1,9;"virginica"
"2844";6,8;3,2;5,9;2,3;"virginica"
"2845";6,7;3,3;5,7;2,5;"virginica"
"2846";6,7;3;5,2;2,3;"virginica"
"2847";6,3;2,5;5;1,9;"virginica"
"2848";6,5;3;5,2;2;"virginica"
"2849";6,2;3,4;5,4;2,3;"virginica"
"2850";5,9;3;5,1;1,8;"virginica"
"2851";5,1;3,5;1,4;0,2;"setosa"
"2852";4,9;3;1,4;0,2;"setosa"
"2853";4,7;3,2;1,3;0,2;"setosa"
"2854";4,6;3,1;1,5;0,2;"setosa"
"2855";5;3,6;1,4;0,2;"setosa"
"2856";5,4;3,9;1,7;0,4;"setosa"
"2857";4,6;3,4;1,4;0,3;"setosa"
"2858";5;3,4;1,5;0,2;"setosa"
"2859";4,4;2,9;1,4;0,2;"setosa"
"2860";4,9;3,1;1,5;0,1;"setosa"
"2861";5,4;3,7;1,5;0,2;"setosa"
"2862";4,8;3,4;1,6;0,2;"setosa"
"2863";4,8;3;1,4;0,1;"setosa"
"2864";4,3;3;1,1;0,1;"setosa"
"2865";5,8;4;1,2;0,2;"setosa"
"2866";5,7;4,4;1,5;0,4;"setosa"
"2867";5,4;3,9;1,3;0,4;"setosa"
"2868";5,1;3,5;1,4;0,3;"setosa"
"2869";5,7;3,8;1,7;0,3;"setosa"
"2870";5,1;3,8;1,5;0,3;"setosa"
"2871";5,4;3,4;1,7;0,2;"setosa"
"2872";5,1;3,7;1,5;0,4;"setosa"
"2873";4,6;3,6;1;0,2;"setosa"
"2874";5,1;3,3;1,7;0,5;"setosa"
"2875";4,8;3,4;1,9;0,2;"setosa"
"2876";5;3;1,6;0,2;"setosa"
"2877";5;3,4;1,6;0,4;"setosa"
"2878";5,2;3,5;1,5;0,2;"setosa"
"2879";5,2;3,4;1,4;0,2;"setosa"
"2880";4,7;3,2;1,6;0,2;"setosa"
"2881";4,8;3,1;1,6;0,2;"setosa"
"2882";5,4;3,4;1,5;0,4;"setosa"
"2883";5,2;4,1;1,5;0,1;"setosa"
"2884";5,5;4,2;1,4;0,2;"setosa"
"2885";4,9;3,1;1,5;0,2;"setosa"
"2886";5;3,2;1,2;0,2;"setosa"
"2887";5,5;3,5;1,3;0,2;"setosa"
"2888";4,9;3,6;1,4;0,1;"setosa"
"2889";4,4;3;1,3;0,2;"setosa"
"2890";5,1;3,4;1,5;0,2;"setosa"
"2891";5;3,5;1,3;0,3;"setosa"
"2892";4,5;2,3;1,3;0,3;"setosa"
"2893";4,4;3,2;1,3;0,2;"setosa"
"2894";5;3,5;1,6;0,6;"setosa"
"2895";5,1;3,8;1,9;0,4;"setosa"
"2896";4,8;3;1,4;0,3;"setosa"
"2897";5,1;3,8;1,6;0,2;"setosa"
"2898";4,6;3,2;1,4;0,2;"setosa"
"2899";5,3;3,7;1,5;0,2;"setosa"
"2900";5;3,3;1,4;0,2;"setosa"
"2901";7;3,2;4,7;1,4;"versicolor"
"2902";6,4;3,2;4,5;1,5;"versicolor"
"2903";6,9;3,1;4,9;1,5;"versicolor"
"2904";5,5;2,3;4;1,3;"versicolor"
"2905";6,5;2,8;4,6;1,5;"versicolor"
"2906";5,7;2,8;4,5;1,3;"versicolor"
"2907";6,3;3,3;4,7;1,6;"versicolor"
"2908";4,9;2,4;3,3;1;"versicolor"
"2909";6,6;2,9;4,6;1,3;"versicolor"
"2910";5,2;2,7;3,9;1,4;"versicolor"
"2911";5;2;3,5;1;"versicolor"
"2912";5,9;3;4,2;1,5;"versicolor"
"2913";6;2,2;4;1;"versicolor"
"2914";6,1;2,9;4,7;1,4;"versicolor"
"2915";5,6;2,9;3,6;1,3;"versicolor"
"2916";6,7;3,1;4,4;1,4;"versicolor"
"2917";5,6;3;4,5;1,5;"versicolor"
"2918";5,8;2,7;4,1;1;"versicolor"
"2919";6,2;2,2;4,5;1,5;"versicolor"
"2920";5,6;2,5;3,9;1,1;"versicolor"
"2921";5,9;3,2;4,8;1,8;"versicolor"
"2922";6,1;2,8;4;1,3;"versicolor"
"2923";6,3;2,5;4,9;1,5;"versicolor"
"2924";6,1;2,8;4,7;1,2;"versicolor"
"2925";6,4;2,9;4,3;1,3;"versicolor"
"2926";6,6;3;4,4;1,4;"versicolor"
"2927";6,8;2,8;4,8;1,4;"versicolor"
"2928";6,7;3;5;1,7;"versicolor"
"2929";6;2,9;4,5;1,5;"versicolor"
"2930";5,7;2,6;3,5;1;"versicolor"
"2931";5,5;2,4;3,8;1,1;"versicolor"
"2932";5,5;2,4;3,7;1;"versicolor"
"2933";5,8;2,7;3,9;1,2;"versicolor"
"2934";6;2,7;5,1;1,6;"versicolor"
"2935";5,4;3;4,5;1,5;"versicolor"
"2936";6;3,4;4,5;1,6;"versicolor"
"2937";6,7;3,1;4,7;1,5;"versicolor"
"2938";6,3;2,3;4,4;1,3;"versicolor"
"2939";5,6;3;4,1;1,3;"versicolor"
"2940";5,5;2,5;4;1,3;"versicolor"
"2941";5,5;2,6;4,4;1,2;"versicolor"
"2942";6,1;3;4,6;1,4;"versicolor"
"2943";5,8;2,6;4;1,2;"versicolor"
"2944";5;2,3;3,3;1;"versicolor"
"2945";5,6;2,7;4,2;1,3;"versicolor"
"2946";5,7;3;4,2;1,2;"versicolor"
"2947";5,7;2,9;4,2;1,3;"versicolor"
"2948";6,2;2,9;4,3;1,3;"versicolor"
"2949";5,1;2,5;3;1,1;"versicolor"
"2950";5,7;2,8;4,1;1,3;"versicolor"
"2951";6,3;3,3;6;2,5;"virginica"
"2952";5,8;2,7;5,1;1,9;"virginica"
"2953";7,1;3;5,9;2,1;"virginica"
"2954";6,3;2,9;5,6;1,8;"virginica"
"2955";6,5;3;5,8;2,2;"virginica"
"2956";7,6;3;6,6;2,1;"virginica"
"2957";4,9;2,5;4,5;1,7;"virginica"
"2958";7,3;2,9;6,3;1,8;"virginica"
"2959";6,7;2,5;5,8;1,8;"virginica"
"2960";7,2;3,6;6,1;2,5;"virginica"
"2961";6,5;3,2;5,1;2;"virginica"
"2962";6,4;2,7;5,3;1,9;"virginica"
"2963";6,8;3;5,5;2,1;"virginica"
"2964";5,7;2,5;5;2;"virginica"
"2965";5,8;2,8;5,1;2,4;"virginica"
"2966";6,4;3,2;5,3;2,3;"virginica"
"2967";6,5;3;5,5;1,8;"virginica"
"2968";7,7;3,8;6,7;2,2;"virginica"
"2969";7,7;2,6;6,9;2,3;"virginica"
"2970";6;2,2;5;1,5;"virginica"
"2971";6,9;3,2;5,7;2,3;"virginica"
"2972";5,6;2,8;4,9;2;"virginica"
"2973";7,7;2,8;6,7;2;"virginica"
"2974";6,3;2,7;4,9;1,8;"virginica"
"2975";6,7;3,3;5,7;2,1;"virginica"
"2976";7,2;3,2;6;1,8;"virginica"
"2977";6,2;2,8;4,8;1,8;"virginica"
"2978";6,1;3;4,9;1,8;"virginica"
"2979";6,4;2,8;5,6;2,1;"virginica"
"2980";7,2;3;5,8;1,6;"virginica"
"2981";7,4;2,8;6,1;1,9;"virginica"
"2982";7,9;3,8;6,4;2;"virginica"
"2983";6,4;2,8;5,6;2,2;"virginica"
"2984";6,3;2,8;5,1;1,5;"virginica"
"2985";6,1;2,6;5,6;1,4;"virginica"
"2986";7,7;3;6,1;2,3;"virginica"
"2987";6,3;3,4;5,6;2,4;"virginica"
"2988";6,4;3,1;5,5;1,8;"virginica"
"2989";6;3;4,8;1,8;"virginica"
"2990";6,9;3,1;5,4;2,1;"virginica"
"2991";6,7;3,1;5,6;2,4;"virginica"
"2992";6,9;3,1;5,1;2,3;"virginica"
"2993";5,8;2,7;5,1;1,9;"virginica"
"2994";6,8;3,2;5,9;2,3;"virginica"
"2995";6,7;3,3;5,7;2,5;"virginica"
"2996";6,7;3;5,2;2,3;"virginica"
"2997";6,3;2,5;5;1,9;"virginica"
"2998";6,5;3;5,2;2;"virginica"
"2999";6,2;3,4;5,4;2,3;"virginica"
"3000";5,9;3;5,1;1,8;"virginica"
